[
  {
    "frame": 1,
    "p1": [
      312,
      605
    ],
    "p2": [
      76,
      717
    ]
  },
  {
    "frame": 2,
    "p1": [
      307,
      610
    ],
    "p2": [
      84,
      717
    ]
  },
  {
    "frame": 3,
    "p1": [
      307,
      609
    ],
    "p2": [
      87,
      716
    ]
  },
  {
    "frame": 4,
    "p1": [
      310,
      607
    ],
    "p2": [
      85,
      714
    ]
  },
  {
    "frame": 5,
    "p1": [
      307,
      607
    ],
    "p2": [
      89,
      714
    ]
  },
  {
    "frame": 6,
    "p1": [
      304,
      606
    ],
    "p2": [
      90,
      716
    ]
  },
  {
    "frame": 7,
    "p1": [
      307,
      605
    ],
    "p2": [
      96,
      715
    ]
  },
  {
    "frame": 8,
    "p1": [
      304,
      613
    ],
    "p2": [
      90,
      714
    ]
  },
  {
    "frame": 9,
    "p1": [
      312,
      611
    ],
    "p2": [
      98,
      714
    ]
  },
  {
    "frame": 10,
    "p1": [
      308,
      614
    ],
    "p2": [
      107,
      716
    ]
  },
  {
    "frame": 11,
    "p1": [
      310,
      613
    ],
    "p2": [
      99,
      713
    ]
  },
  {
    "frame": 12,
    "p1": [
      310,
      611
    ],
    "p2": [
      102,
      714
    ]
  },
  {
    "frame": 13,
    "p1": [
      311,
      608
    ],
    "p2": [
      96,
      716
    ]
  },
  {
    "frame": 14,
    "p1": [
      309,
      608
    ],
    "p2": [
      93,
      714
    ]
  },
  {
    "frame": 15,
    "p1": [
      307,
      606
    ],
    "p2": [
      93,
      715
    ]
  },
  {
    "frame": 16,
    "p1": [
      307,
      605
    ],
    "p2": [
      96,
      716
    ]
  },
  {
    "frame": 17,
    "p1": [
      308,
      609
    ],
    "p2": [
      99,
      715
    ]
  },
  {
    "frame": 18,
    "p1": [
      310,
      609
    ],
    "p2": [
      108,
      714
    ]
  },
  {
    "frame": 19,
    "p1": [
      304,
      611
    ],
    "p2": [
      115,
      716
    ]
  },
  {
    "frame": 20,
    "p1": [
      314,
      612
    ],
    "p2": [
      120,
      716
    ]
  },
  {
    "frame": 21,
    "p1": [
      310,
      616
    ],
    "p2": [
      134,
      715
    ]
  },
  {
    "frame": 22,
    "p1": [
      310,
      617
    ],
    "p2": [
      142,
      717
    ]
  },
  {
    "frame": 23,
    "p1": [
      313,
      617
    ],
    "p2": [
      155,
      718
    ]
  },
  {
    "frame": 24,
    "p1": [
      315,
      620
    ],
    "p2": [
      174,
      718
    ]
  },
  {
    "frame": 25,
    "p1": [
      316,
      629
    ],
    "p2": [
      194,
      717
    ]
  },
  {
    "frame": 26,
    "p1": [
      320,
      631
    ],
    "p2": [
      211,
      718
    ]
  },
  {
    "frame": 27,
    "p1": [
      322,
      639
    ],
    "p2": [
      228,
      713
    ]
  },
  {
    "frame": 28,
    "p1": [
      323,
      646
    ],
    "p2": [
      238,
      716
    ]
  },
  {
    "frame": 29,
    "p1": [
      325,
      650
    ],
    "p2": [
      250,
      717
    ]
  },
  {
    "frame": 30,
    "p1": [
      325,
      655
    ],
    "p2": [
      263,
      716
    ]
  },
  {
    "frame": 31,
    "p1": [
      325,
      657
    ],
    "p2": [
      272,
      716
    ]
  },
  {
    "frame": 32,
    "p1": [
      326,
      667
    ],
    "p2": [
      278,
      717
    ]
  },
  {
    "frame": 33,
    "p1": [
      327,
      673
    ],
    "p2": [
      290,
      716
    ]
  },
  {
    "frame": 34,
    "p1": [
      331,
      679
    ],
    "p2": [
      301,
      716
    ]
  },
  {
    "frame": 35,
    "p1": [
      334,
      684
    ],
    "p2": [
      312,
      715
    ]
  },
  {
    "frame": 36,
    "p1": [
      563,
      396
    ],
    "p2": [
      513,
      461
    ]
  },
  {
    "frame": 37,
    "p1": [
      567,
      389
    ],
    "p2": [
      514,
      458
    ]
  },
  {
    "frame": 38,
    "p1": [
      578,
      367
    ],
    "p2": [
      515,
      459
    ]
  },
  {
    "frame": 39,
    "p1": [
      580,
      357
    ],
    "p2": [
      515,
      457
    ]
  },
  {
    "frame": 40,
    "p1": [
      577,
      353
    ],
    "p2": [
      516,
      451
    ]
  },
  {
    "frame": 41,
    "p1": [
      579,
      346
    ],
    "p2": [
      515,
      454
    ]
  },
  {
    "frame": 42,
    "p1": [
      585,
      327
    ],
    "p2": [
      514,
      452
    ]
  },
  {
    "frame": 43,
    "p1": [
      590,
      318
    ],
    "p2": [
      515,
      447
    ]
  },
  {
    "frame": 44,
    "p1": [
      594,
      301
    ],
    "p2": [
      514,
      447
    ]
  },
  {
    "frame": 45,
    "p1": [
      587,
      303
    ],
    "p2": [
      512,
      444
    ]
  },
  {
    "frame": 46,
    "p1": [
      592,
      295
    ],
    "p2": [
      515,
      444
    ]
  },
  {
    "frame": 47,
    "p1": [
      588,
      290
    ],
    "p2": [
      516,
      438
    ]
  },
  {
    "frame": 48,
    "p1": [
      600,
      272
    ],
    "p2": [
      518,
      436
    ]
  },
  {
    "frame": 49,
    "p1": [
      602,
      272
    ],
    "p2": [
      521,
      439
    ]
  },
  {
    "frame": 50,
    "p1": [
      603,
      263
    ],
    "p2": [
      521,
      436
    ]
  },
  {
    "frame": 51,
    "p1": [
      603,
      259
    ],
    "p2": [
      518,
      432
    ]
  },
  {
    "frame": 52,
    "p1": [
      603,
      256
    ],
    "p2": [
      520,
      437
    ]
  },
  {
    "frame": 53,
    "p1": [
      608,
      242
    ],
    "p2": [
      520,
      430
    ]
  },
  {
    "frame": 54,
    "p1": [
      611,
      240
    ],
    "p2": [
      513,
      431
    ]
  },
  {
    "frame": 55,
    "p1": [
      607,
      234
    ],
    "p2": [
      516,
      433
    ]
  },
  {
    "frame": 56,
    "p1": [
      606,
      227
    ],
    "p2": [
      518,
      431
    ]
  },
  {
    "frame": 57,
    "p1": [
      615,
      214
    ],
    "p2": [
      512,
      432
    ]
  },
  {
    "frame": 58,
    "p1": [
      613,
      210
    ],
    "p2": [
      515,
      431
    ]
  },
  {
    "frame": 59,
    "p1": [
      616,
      201
    ],
    "p2": [
      514,
      430
    ]
  },
  {
    "frame": 60,
    "p1": [
      621,
      193
    ],
    "p2": [
      515,
      426
    ]
  },
  {
    "frame": 61,
    "p1": [
      623,
      190
    ],
    "p2": [
      513,
      430
    ]
  },
  {
    "frame": 62,
    "p1": [
      615,
      190
    ],
    "p2": [
      514,
      427
    ]
  },
  {
    "frame": 63,
    "p1": [
      618,
      185
    ],
    "p2": [
      515,
      427
    ]
  },
  {
    "frame": 64,
    "p1": [
      622,
      176
    ],
    "p2": [
      513,
      422
    ]
  },
  {
    "frame": 65,
    "p1": [
      619,
      174
    ],
    "p2": [
      515,
      424
    ]
  },
  {
    "frame": 66,
    "p1": [
      620,
      165
    ],
    "p2": [
      511,
      430
    ]
  },
  {
    "frame": 67,
    "p1": [
      622,
      164
    ],
    "p2": [
      515,
      432
    ]
  },
  {
    "frame": 68,
    "p1": [
      621,
      158
    ],
    "p2": [
      514,
      447
    ]
  },
  {
    "frame": 69,
    "p1": [
      629,
      137
    ],
    "p2": [
      515,
      456
    ]
  },
  {
    "frame": 70,
    "p1": [
      632,
      128
    ],
    "p2": [
      523,
      475
    ]
  },
  {
    "frame": 71,
    "p1": [
      636,
      114
    ],
    "p2": [
      522,
      503
    ]
  },
  {
    "frame": 72,
    "p1": [
      638,
      106
    ],
    "p2": [
      531,
      511
    ]
  },
  {
    "frame": 73,
    "p1": [
      642,
      93
    ],
    "p2": [
      546,
      499
    ]
  },
  {
    "frame": 74,
    "p1": [
      647,
      81
    ],
    "p2": [
      558,
      488
    ]
  },
  {
    "frame": 75,
    "p1": [
      647,
      76
    ],
    "p2": [
      569,
      468
    ]
  },
  {
    "frame": 76,
    "p1": [
      652,
      71
    ],
    "p2": [
      577,
      452
    ]
  },
  {
    "frame": 77,
    "p1": [
      649,
      73
    ],
    "p2": [
      582,
      438
    ]
  },
  {
    "frame": 78,
    "p1": [
      656,
      73
    ],
    "p2": [
      585,
      418
    ]
  },
  {
    "frame": 79,
    "p1": [
      661,
      79
    ],
    "p2": [
      588,
      395
    ]
  },
  {
    "frame": 80,
    "p1": [
      667,
      81
    ],
    "p2": [
      587,
      375
    ]
  },
  {
    "frame": 81,
    "p1": [
      669,
      87
    ],
    "p2": [
      583,
      345
    ]
  },
  {
    "frame": 82,
    "p1": [
      671,
      93
    ],
    "p2": [
      579,
      313
    ]
  },
  {
    "frame": 83,
    "p1": [
      667,
      114
    ],
    "p2": [
      574,
      292
    ]
  },
  {
    "frame": 84,
    "p1": [
      661,
      135
    ],
    "p2": [
      568,
      266
    ]
  },
  {
    "frame": 88,
    "p1": [
      720,
      85
    ],
    "p2": [
      541,
      143
    ]
  },
  {
    "frame": 89,
    "p1": [
      740,
      98
    ],
    "p2": [
      532,
      100
    ]
  },
  {
    "frame": 90,
    "p1": [
      752,
      120
    ],
    "p2": [
      525,
      50
    ]
  },
  {
    "frame": 91,
    "p1": [
      759,
      143
    ],
    "p2": [
      524,
      14
    ]
  },
  {
    "frame": 92,
    "p1": [
      768,
      169
    ],
    "p2": [
      550,
      3
    ]
  },
  {
    "frame": 93,
    "p1": [
      770,
      193
    ],
    "p2": [
      578,
      0
    ]
  },
  {
    "frame": 94,
    "p1": [
      770,
      217
    ],
    "p2": [
      601,
      2
    ]
  },
  {
    "frame": 95,
    "p1": [
      764,
      247
    ],
    "p2": [
      617,
      0
    ]
  },
  {
    "frame": 96,
    "p1": [
      760,
      264
    ],
    "p2": [
      633,
      0
    ]
  },
  {
    "frame": 97,
    "p1": [
      753,
      288
    ],
    "p2": [
      647,
      0
    ]
  },
  {
    "frame": 98,
    "p1": [
      747,
      304
    ],
    "p2": [
      661,
      4
    ]
  },
  {
    "frame": 99,
    "p1": [
      739,
      321
    ],
    "p2": [
      671,
      1
    ]
  },
  {
    "frame": 100,
    "p1": [
      733,
      335
    ],
    "p2": [
      687,
      2
    ]
  },
  {
    "frame": 101,
    "p1": [
      730,
      342
    ],
    "p2": [
      705,
      2
    ]
  },
  {
    "frame": 102,
    "p1": [
      720,
      355
    ],
    "p2": [
      727,
      0
    ]
  },
  {
    "frame": 103,
    "p1": [
      714,
      362
    ],
    "p2": [
      750,
      0
    ]
  },
  {
    "frame": 104,
    "p1": [
      712,
      369
    ],
    "p2": [
      773,
      0
    ]
  },
  {
    "frame": 105,
    "p1": [
      703,
      379
    ],
    "p2": [
      802,
      2
    ]
  },
  {
    "frame": 106,
    "p1": [
      702,
      389
    ],
    "p2": [
      834,
      0
    ]
  },
  {
    "frame": 107,
    "p1": [
      704,
      401
    ],
    "p2": [
      869,
      3
    ]
  },
  {
    "frame": 108,
    "p1": [
      704,
      411
    ],
    "p2": [
      901,
      2
    ]
  },
  {
    "frame": 109,
    "p1": [
      703,
      423
    ],
    "p2": [
      950,
      2
    ]
  },
  {
    "frame": 110,
    "p1": [
      702,
      430
    ],
    "p2": [
      1001,
      2
    ]
  },
  {
    "frame": 111,
    "p1": [
      704,
      443
    ],
    "p2": [
      1050,
      2
    ]
  },
  {
    "frame": 112,
    "p1": [
      709,
      453
    ],
    "p2": [
      1108,
      5
    ]
  },
  {
    "frame": 113,
    "p1": [
      705,
      466
    ],
    "p2": [
      1132,
      53
    ]
  },
  {
    "frame": 114,
    "p1": [
      704,
      474
    ],
    "p2": [
      1144,
      108
    ]
  },
  {
    "frame": 115,
    "p1": [
      696,
      485
    ],
    "p2": [
      1165,
      161
    ]
  },
  {
    "frame": 116,
    "p1": [
      700,
      495
    ],
    "p2": [
      1177,
      204
    ]
  },
  {
    "frame": 117,
    "p1": [
      702,
      500
    ],
    "p2": [
      1186,
      231
    ]
  },
  {
    "frame": 118,
    "p1": [
      700,
      504
    ],
    "p2": [
      1191,
      252
    ]
  },
  {
    "frame": 119,
    "p1": [
      700,
      509
    ],
    "p2": [
      1190,
      260
    ]
  },
  {
    "frame": 120,
    "p1": [
      693,
      509
    ],
    "p2": [
      1195,
      254
    ]
  },
  {
    "frame": 121,
    "p1": [
      694,
      504
    ],
    "p2": [
      1192,
      253
    ]
  },
  {
    "frame": 122,
    "p1": [
      697,
      512
    ],
    "p2": [
      1193,
      246
    ]
  },
  {
    "frame": 123,
    "p1": [
      697,
      510
    ],
    "p2": [
      1187,
      237
    ]
  },
  {
    "frame": 124,
    "p1": [
      698,
      505
    ],
    "p2": [
      1191,
      231
    ]
  },
  {
    "frame": 125,
    "p1": [
      694,
      509
    ],
    "p2": [
      1197,
      224
    ]
  },
  {
    "frame": 126,
    "p1": [
      696,
      502
    ],
    "p2": [
      1195,
      223
    ]
  },
  {
    "frame": 127,
    "p1": [
      697,
      503
    ],
    "p2": [
      1192,
      221
    ]
  },
  {
    "frame": 128,
    "p1": [
      694,
      505
    ],
    "p2": [
      1188,
      224
    ]
  },
  {
    "frame": 129,
    "p1": [
      694,
      503
    ],
    "p2": [
      1192,
      218
    ]
  },
  {
    "frame": 130,
    "p1": [
      691,
      505
    ],
    "p2": [
      1190,
      227
    ]
  },
  {
    "frame": 131,
    "p1": [
      691,
      505
    ],
    "p2": [
      1196,
      226
    ]
  },
  {
    "frame": 132,
    "p1": [
      1191,
      227
    ],
    "p2": [
      693,
      505
    ]
  },
  {
    "frame": 133,
    "p1": [
      1184,
      234
    ],
    "p2": [
      690,
      504
    ]
  },
  {
    "frame": 134,
    "p1": [
      690,
      505
    ],
    "p2": [
      1185,
      236
    ]
  },
  {
    "frame": 135,
    "p1": [
      1186,
      236
    ],
    "p2": [
      692,
      504
    ]
  },
  {
    "frame": 136,
    "p1": [
      690,
      506
    ],
    "p2": [
      1187,
      239
    ]
  },
  {
    "frame": 137,
    "p1": [
      1187,
      238
    ],
    "p2": [
      688,
      506
    ]
  },
  {
    "frame": 138,
    "p1": [
      688,
      506
    ],
    "p2": [
      1188,
      237
    ]
  },
  {
    "frame": 139,
    "p1": [
      1188,
      237
    ],
    "p2": [
      691,
      508
    ]
  },
  {
    "frame": 140,
    "p1": [
      690,
      508
    ],
    "p2": [
      1192,
      233
    ]
  },
  {
    "frame": 141,
    "p1": [
      1192,
      234
    ],
    "p2": [
      689,
      506
    ]
  },
  {
    "frame": 142,
    "p1": [
      689,
      506
    ],
    "p2": [
      1186,
      233
    ]
  },
  {
    "frame": 143,
    "p1": [
      1186,
      233
    ],
    "p2": [
      692,
      505
    ]
  },
  {
    "frame": 144,
    "p1": [
      694,
      500
    ],
    "p2": [
      1191,
      225
    ]
  },
  {
    "frame": 145,
    "p1": [
      1193,
      218
    ],
    "p2": [
      688,
      506
    ]
  },
  {
    "frame": 146,
    "p1": [
      689,
      501
    ],
    "p2": [
      1186,
      221
    ]
  },
  {
    "frame": 147,
    "p1": [
      1185,
      217
    ],
    "p2": [
      685,
      503
    ]
  },
  {
    "frame": 148,
    "p1": [
      685,
      499
    ],
    "p2": [
      1178,
      213
    ]
  },
  {
    "frame": 149,
    "p1": [
      685,
      497
    ],
    "p2": [
      1178,
      204
    ]
  },
  {
    "frame": 150,
    "p1": [
      685,
      500
    ],
    "p2": [
      1179,
      214
    ]
  },
  {
    "frame": 151,
    "p1": [
      1174,
      210
    ],
    "p2": [
      687,
      499
    ]
  },
  {
    "frame": 152,
    "p1": [
      682,
      499
    ],
    "p2": [
      1174,
      202
    ]
  },
  {
    "frame": 153,
    "p1": [
      1171,
      205
    ],
    "p2": [
      686,
      498
    ]
  },
  {
    "frame": 154,
    "p1": [
      683,
      495
    ],
    "p2": [
      1168,
      202
    ]
  },
  {
    "frame": 155,
    "p1": [
      682,
      497
    ],
    "p2": [
      1169,
      201
    ]
  },
  {
    "frame": 156,
    "p1": [
      1167,
      201
    ],
    "p2": [
      682,
      497
    ]
  },
  {
    "frame": 157,
    "p1": [
      680,
      496
    ],
    "p2": [
      1167,
      200
    ]
  },
  {
    "frame": 158,
    "p1": [
      682,
      494
    ],
    "p2": [
      1165,
      193
    ]
  },
  {
    "frame": 159,
    "p1": [
      1162,
      187
    ],
    "p2": [
      680,
      491
    ]
  },
  {
    "frame": 160,
    "p1": [
      679,
      486
    ],
    "p2": [
      1159,
      178
    ]
  },
  {
    "frame": 161,
    "p1": [
      1150,
      161
    ],
    "p2": [
      676,
      487
    ]
  },
  {
    "frame": 162,
    "p1": [
      674,
      483
    ],
    "p2": [
      1144,
      151
    ]
  },
  {
    "frame": 163,
    "p1": [
      1133,
      132
    ],
    "p2": [
      670,
      477
    ]
  },
  {
    "frame": 164,
    "p1": [
      1122,
      111
    ],
    "p2": [
      672,
      468
    ]
  },
  {
    "frame": 165,
    "p1": [
      676,
      460
    ],
    "p2": [
      1113,
      96
    ]
  },
  {
    "frame": 166,
    "p1": [
      1105,
      67
    ],
    "p2": [
      676,
      458
    ]
  },
  {
    "frame": 167,
    "p1": [
      674,
      447
    ],
    "p2": [
      1096,
      48
    ]
  },
  {
    "frame": 168,
    "p1": [
      1080,
      29
    ],
    "p2": [
      673,
      442
    ]
  },
  {
    "frame": 169,
    "p1": [
      669,
      435
    ],
    "p2": [
      1068,
      13
    ]
  },
  {
    "frame": 170,
    "p1": [
      1045,
      4
    ],
    "p2": [
      671,
      430
    ]
  },
  {
    "frame": 171,
    "p1": [
      668,
      424
    ],
    "p2": [
      1022,
      0
    ]
  },
  {
    "frame": 172,
    "p1": [
      665,
      417
    ],
    "p2": [
      987,
      0
    ]
  },
  {
    "frame": 173,
    "p1": [
      960,
      2
    ],
    "p2": [
      664,
      413
    ]
  },
  {
    "frame": 174,
    "p1": [
      660,
      405
    ],
    "p2": [
      933,
      0
    ]
  },
  {
    "frame": 175,
    "p1": [
      899,
      2
    ],
    "p2": [
      661,
      401
    ]
  },
  {
    "frame": 176,
    "p1": [
      654,
      394
    ],
    "p2": [
      876,
      1
    ]
  },
  {
    "frame": 177,
    "p1": [
      850,
      2
    ],
    "p2": [
      653,
      390
    ]
  },
  {
    "frame": 178,
    "p1": [
      649,
      385
    ],
    "p2": [
      825,
      3
    ]
  },
  {
    "frame": 179,
    "p1": [
      802,
      1
    ],
    "p2": [
      646,
      380
    ]
  },
  {
    "frame": 180,
    "p1": [
      643,
      373
    ],
    "p2": [
      773,
      1
    ]
  },
  {
    "frame": 181,
    "p1": [
      641,
      366
    ],
    "p2": [
      749,
      7
    ]
  },
  {
    "frame": 182,
    "p1": [
      726,
      2
    ],
    "p2": [
      635,
      362
    ]
  },
  {
    "frame": 183,
    "p1": [
      632,
      357
    ],
    "p2": [
      702,
      3
    ]
  },
  {
    "frame": 184,
    "p1": [
      682,
      0
    ],
    "p2": [
      627,
      352
    ]
  },
  {
    "frame": 185,
    "p1": [
      626,
      345
    ],
    "p2": [
      664,
      0
    ]
  },
  {
    "frame": 186,
    "p1": [
      647,
      0
    ],
    "p2": [
      623,
      340
    ]
  },
  {
    "frame": 187,
    "p1": [
      613,
      335
    ],
    "p2": [
      625,
      3
    ]
  },
  {
    "frame": 188,
    "p1": [
      606,
      0
    ],
    "p2": [
      611,
      330
    ]
  },
  {
    "frame": 189,
    "p1": [
      602,
      321
    ],
    "p2": [
      591,
      4
    ]
  },
  {
    "frame": 190,
    "p1": [
      600,
      319
    ],
    "p2": [
      572,
      0
    ]
  },
  {
    "frame": 191,
    "p1": [
      559,
      0
    ],
    "p2": [
      594,
      316
    ]
  },
  {
    "frame": 192,
    "p1": [
      589,
      313
    ],
    "p2": [
      542,
      2
    ]
  },
  {
    "frame": 193,
    "p1": [
      529,
      2
    ],
    "p2": [
      589,
      307
    ]
  },
  {
    "frame": 194,
    "p1": [
      582,
      304
    ],
    "p2": [
      521,
      2
    ]
  },
  {
    "frame": 195,
    "p1": [
      506,
      1
    ],
    "p2": [
      581,
      301
    ]
  },
  {
    "frame": 196,
    "p1": [
      577,
      296
    ],
    "p2": [
      494,
      1
    ]
  },
  {
    "frame": 197,
    "p1": [
      483,
      0
    ],
    "p2": [
      575,
      292
    ]
  },
  {
    "frame": 198,
    "p1": [
      568,
      289
    ],
    "p2": [
      466,
      2
    ]
  },
  {
    "frame": 199,
    "p1": [
      456,
      1
    ],
    "p2": [
      567,
      289
    ]
  },
  {
    "frame": 200,
    "p1": [
      566,
      285
    ],
    "p2": [
      449,
      1
    ]
  },
  {
    "frame": 201,
    "p1": [
      439,
      1
    ],
    "p2": [
      556,
      288
    ]
  },
  {
    "frame": 202,
    "p1": [
      562,
      279
    ],
    "p2": [
      425,
      0
    ]
  },
  {
    "frame": 203,
    "p1": [
      421,
      2
    ],
    "p2": [
      558,
      281
    ]
  },
  {
    "frame": 204,
    "p1": [
      555,
      278
    ],
    "p2": [
      415,
      5
    ]
  },
  {
    "frame": 205,
    "p1": [
      402,
      0
    ],
    "p2": [
      547,
      279
    ]
  },
  {
    "frame": 206,
    "p1": [
      549,
      278
    ],
    "p2": [
      398,
      2
    ]
  },
  {
    "frame": 207,
    "p1": [
      396,
      0
    ],
    "p2": [
      551,
      276
    ]
  },
  {
    "frame": 208,
    "p1": [
      545,
      277
    ],
    "p2": [
      393,
      1
    ]
  },
  {
    "frame": 209,
    "p1": [
      394,
      1
    ],
    "p2": [
      548,
      272
    ]
  },
  {
    "frame": 210,
    "p1": [
      546,
      272
    ],
    "p2": [
      392,
      4
    ]
  },
  {
    "frame": 211,
    "p1": [
      393,
      1
    ],
    "p2": [
      542,
      272
    ]
  },
  {
    "frame": 212,
    "p1": [
      541,
      272
    ],
    "p2": [
      394,
      2
    ]
  },
  {
    "frame": 213,
    "p1": [
      394,
      2
    ],
    "p2": [
      541,
      274
    ]
  },
  {
    "frame": 214,
    "p1": [
      541,
      275
    ],
    "p2": [
      404,
      0
    ]
  },
  {
    "frame": 215,
    "p1": [
      545,
      275
    ],
    "p2": [
      403,
      0
    ]
  },
  {
    "frame": 216,
    "p1": [
      412,
      2
    ],
    "p2": [
      550,
      274
    ]
  },
  {
    "frame": 217,
    "p1": [
      551,
      276
    ],
    "p2": [
      420,
      0
    ]
  },
  {
    "frame": 218,
    "p1": [
      554,
      280
    ],
    "p2": [
      429,
      2
    ]
  },
  {
    "frame": 219,
    "p1": [
      440,
      3
    ],
    "p2": [
      556,
      282
    ]
  },
  {
    "frame": 220,
    "p1": [
      563,
      284
    ],
    "p2": [
      455,
      3
    ]
  },
  {
    "frame": 221,
    "p1": [
      471,
      1
    ],
    "p2": [
      568,
      284
    ]
  },
  {
    "frame": 222,
    "p1": [
      489,
      4
    ],
    "p2": [
      574,
      288
    ]
  },
  {
    "frame": 223,
    "p1": [
      580,
      293
    ],
    "p2": [
      508,
      3
    ]
  },
  {
    "frame": 224,
    "p1": [
      527,
      3
    ],
    "p2": [
      586,
      293
    ]
  },
  {
    "frame": 225,
    "p1": [
      591,
      298
    ],
    "p2": [
      550,
      2
    ]
  },
  {
    "frame": 226,
    "p1": [
      595,
      301
    ],
    "p2": [
      568,
      1
    ]
  },
  {
    "frame": 227,
    "p1": [
      589,
      3
    ],
    "p2": [
      600,
      306
    ]
  },
  {
    "frame": 228,
    "p1": [
      607,
      309
    ],
    "p2": [
      612,
      0
    ]
  },
  {
    "frame": 229,
    "p1": [
      635,
      3
    ],
    "p2": [
      615,
      313
    ]
  },
  {
    "frame": 230,
    "p1": [
      620,
      316
    ],
    "p2": [
      658,
      0
    ]
  },
  {
    "frame": 231,
    "p1": [
      682,
      2
    ],
    "p2": [
      626,
      324
    ]
  },
  {
    "frame": 232,
    "p1": [
      631,
      327
    ],
    "p2": [
      708,
      2
    ]
  },
  {
    "frame": 233,
    "p1": [
      733,
      2
    ],
    "p2": [
      635,
      334
    ]
  },
  {
    "frame": 234,
    "p1": [
      639,
      341
    ],
    "p2": [
      758,
      2
    ]
  },
  {
    "frame": 235,
    "p1": [
      787,
      1
    ],
    "p2": [
      643,
      345
    ]
  },
  {
    "frame": 236,
    "p1": [
      653,
      351
    ],
    "p2": [
      817,
      1
    ]
  },
  {
    "frame": 237,
    "p1": [
      842,
      1
    ],
    "p2": [
      657,
      357
    ]
  },
  {
    "frame": 238,
    "p1": [
      663,
      362
    ],
    "p2": [
      872,
      2
    ]
  },
  {
    "frame": 239,
    "p1": [
      902,
      2
    ],
    "p2": [
      664,
      369
    ]
  },
  {
    "frame": 240,
    "p1": [
      670,
      374
    ],
    "p2": [
      934,
      1
    ]
  },
  {
    "frame": 241,
    "p1": [
      962,
      0
    ],
    "p2": [
      670,
      379
    ]
  },
  {
    "frame": 242,
    "p1": [
      677,
      386
    ],
    "p2": [
      988,
      0
    ]
  },
  {
    "frame": 243,
    "p1": [
      1017,
      1
    ],
    "p2": [
      679,
      389
    ]
  },
  {
    "frame": 244,
    "p1": [
      682,
      393
    ],
    "p2": [
      1047,
      1
    ]
  },
  {
    "frame": 245,
    "p1": [
      1072,
      1
    ],
    "p2": [
      679,
      398
    ]
  },
  {
    "frame": 246,
    "p1": [
      685,
      406
    ],
    "p2": [
      1105,
      1
    ]
  },
  {
    "frame": 247,
    "p1": [
      1118,
      16
    ],
    "p2": [
      685,
      409
    ]
  },
  {
    "frame": 248,
    "p1": [
      684,
      415
    ],
    "p2": [
      1126,
      32
    ]
  },
  {
    "frame": 249,
    "p1": [
      1139,
      50
    ],
    "p2": [
      687,
      416
    ]
  },
  {
    "frame": 250,
    "p1": [
      690,
      424
    ],
    "p2": [
      1148,
      66
    ]
  },
  {
    "frame": 251,
    "p1": [
      1157,
      81
    ],
    "p2": [
      692,
      427
    ]
  },
  {
    "frame": 252,
    "p1": [
      688,
      430
    ],
    "p2": [
      1164,
      102
    ]
  },
  {
    "frame": 253,
    "p1": [
      1174,
      117
    ],
    "p2": [
      688,
      433
    ]
  },
  {
    "frame": 254,
    "p1": [
      688,
      437
    ],
    "p2": [
      1174,
      132
    ]
  },
  {
    "frame": 255,
    "p1": [
      1182,
      149
    ],
    "p2": [
      685,
      441
    ]
  },
  {
    "frame": 256,
    "p1": [
      688,
      445
    ],
    "p2": [
      1187,
      165
    ]
  },
  {
    "frame": 257,
    "p1": [
      1190,
      183
    ],
    "p2": [
      691,
      451
    ]
  },
  {
    "frame": 258,
    "p1": [
      689,
      456
    ],
    "p2": [
      1193,
      204
    ]
  },
  {
    "frame": 259,
    "p1": [
      1198,
      218
    ],
    "p2": [
      688,
      461
    ]
  },
  {
    "frame": 260,
    "p1": [
      691,
      465
    ],
    "p2": [
      1206,
      234
    ]
  },
  {
    "frame": 261,
    "p1": [
      1206,
      252
    ],
    "p2": [
      688,
      471
    ]
  },
  {
    "frame": 262,
    "p1": [
      690,
      474
    ],
    "p2": [
      1209,
      268
    ]
  },
  {
    "frame": 263,
    "p1": [
      1209,
      284
    ],
    "p2": [
      687,
      479
    ]
  },
  {
    "frame": 264,
    "p1": [
      685,
      482
    ],
    "p2": [
      1209,
      298
    ]
  },
  {
    "frame": 265,
    "p1": [
      1215,
      309
    ],
    "p2": [
      689,
      485
    ]
  },
  {
    "frame": 266,
    "p1": [
      688,
      488
    ],
    "p2": [
      1216,
      326
    ]
  },
  {
    "frame": 267,
    "p1": [
      1217,
      336
    ],
    "p2": [
      688,
      487
    ]
  },
  {
    "frame": 268,
    "p1": [
      685,
      491
    ],
    "p2": [
      1218,
      344
    ]
  },
  {
    "frame": 269,
    "p1": [
      1220,
      348
    ],
    "p2": [
      691,
      492
    ]
  },
  {
    "frame": 270,
    "p1": [
      691,
      493
    ],
    "p2": [
      1217,
      354
    ]
  },
  {
    "frame": 271,
    "p1": [
      1217,
      359
    ],
    "p2": [
      685,
      498
    ]
  },
  {
    "frame": 272,
    "p1": [
      684,
      497
    ],
    "p2": [
      1209,
      357
    ]
  },
  {
    "frame": 273,
    "p1": [
      1215,
      357
    ],
    "p2": [
      685,
      497
    ]
  },
  {
    "frame": 274,
    "p1": [
      685,
      494
    ],
    "p2": [
      1206,
      347
    ]
  },
  {
    "frame": 275,
    "p1": [
      1214,
      339
    ],
    "p2": [
      684,
      492
    ]
  },
  {
    "frame": 276,
    "p1": [
      686,
      485
    ],
    "p2": [
      1210,
      338
    ]
  },
  {
    "frame": 277,
    "p1": [
      1209,
      327
    ],
    "p2": [
      677,
      491
    ]
  },
  {
    "frame": 278,
    "p1": [
      683,
      487
    ],
    "p2": [
      1206,
      327
    ]
  },
  {
    "frame": 279,
    "p1": [
      1208,
      319
    ],
    "p2": [
      682,
      488
    ]
  },
  {
    "frame": 280,
    "p1": [
      683,
      487
    ],
    "p2": [
      1199,
      314
    ]
  },
  {
    "frame": 281,
    "p1": [
      1202,
      302
    ],
    "p2": [
      681,
      484
    ]
  },
  {
    "frame": 282,
    "p1": [
      679,
      477
    ],
    "p2": [
      1197,
      284
    ]
  },
  {
    "frame": 283,
    "p1": [
      1194,
      275
    ],
    "p2": [
      677,
      473
    ]
  },
  {
    "frame": 284,
    "p1": [
      675,
      469
    ],
    "p2": [
      1192,
      256
    ]
  },
  {
    "frame": 285,
    "p1": [
      1182,
      236
    ],
    "p2": [
      676,
      464
    ]
  },
  {
    "frame": 286,
    "p1": [
      679,
      456
    ],
    "p2": [
      1185,
      217
    ]
  },
  {
    "frame": 287,
    "p1": [
      1174,
      196
    ],
    "p2": [
      674,
      455
    ]
  },
  {
    "frame": 288,
    "p1": [
      676,
      444
    ],
    "p2": [
      1165,
      172
    ]
  },
  {
    "frame": 289,
    "p1": [
      1155,
      143
    ],
    "p2": [
      674,
      440
    ]
  },
  {
    "frame": 290,
    "p1": [
      673,
      430
    ],
    "p2": [
      1142,
      115
    ]
  },
  {
    "frame": 291,
    "p1": [
      1127,
      86
    ],
    "p2": [
      667,
      424
    ]
  },
  {
    "frame": 292,
    "p1": [
      663,
      417
    ],
    "p2": [
      1113,
      52
    ]
  },
  {
    "frame": 293,
    "p1": [
      1095,
      22
    ],
    "p2": [
      663,
      412
    ]
  },
  {
    "frame": 294,
    "p1": [
      661,
      402
    ],
    "p2": [
      1070,
      8
    ]
  },
  {
    "frame": 295,
    "p1": [
      660,
      394
    ],
    "p2": [
      1029,
      2
    ]
  },
  {
    "frame": 296,
    "p1": [
      990,
      2
    ],
    "p2": [
      656,
      384
    ]
  },
  {
    "frame": 297,
    "p1": [
      647,
      380
    ],
    "p2": [
      951,
      2
    ]
  },
  {
    "frame": 298,
    "p1": [
      913,
      1
    ],
    "p2": [
      645,
      374
    ]
  },
  {
    "frame": 299,
    "p1": [
      639,
      366
    ],
    "p2": [
      884,
      3
    ]
  },
  {
    "frame": 300,
    "p1": [
      635,
      361
    ],
    "p2": [
      852,
      2
    ]
  },
  {
    "frame": 301,
    "p1": [
      826,
      1
    ],
    "p2": [
      630,
      357
    ]
  },
  {
    "frame": 302,
    "p1": [
      623,
      348
    ],
    "p2": [
      801,
      2
    ]
  },
  {
    "frame": 303,
    "p1": [
      775,
      2
    ],
    "p2": [
      624,
      347
    ]
  },
  {
    "frame": 304,
    "p1": [
      617,
      339
    ],
    "p2": [
      754,
      3
    ]
  },
  {
    "frame": 305,
    "p1": [
      616,
      330
    ],
    "p2": [
      731,
      4
    ]
  },
  {
    "frame": 306,
    "p1": [
      711,
      0
    ],
    "p2": [
      608,
      327
    ]
  },
  {
    "frame": 307,
    "p1": [
      607,
      326
    ],
    "p2": [
      691,
      1
    ]
  },
  {
    "frame": 308,
    "p1": [
      673,
      0
    ],
    "p2": [
      603,
      314
    ]
  },
  {
    "frame": 309,
    "p1": [
      598,
      312
    ],
    "p2": [
      655,
      1
    ]
  },
  {
    "frame": 310,
    "p1": [
      638,
      0
    ],
    "p2": [
      597,
      303
    ]
  },
  {
    "frame": 311,
    "p1": [
      591,
      303
    ],
    "p2": [
      623,
      5
    ]
  },
  {
    "frame": 312,
    "p1": [
      608,
      2
    ],
    "p2": [
      588,
      296
    ]
  },
  {
    "frame": 313,
    "p1": [
      582,
      297
    ],
    "p2": [
      591,
      0
    ]
  },
  {
    "frame": 314,
    "p1": [
      572,
      1
    ],
    "p2": [
      579,
      292
    ]
  },
  {
    "frame": 315,
    "p1": [
      573,
      290
    ],
    "p2": [
      560,
      2
    ]
  },
  {
    "frame": 316,
    "p1": [
      546,
      0
    ],
    "p2": [
      568,
      289
    ]
  },
  {
    "frame": 317,
    "p1": [
      565,
      287
    ],
    "p2": [
      531,
      2
    ]
  },
  {
    "frame": 318,
    "p1": [
      516,
      2
    ],
    "p2": [
      559,
      283
    ]
  },
  {
    "frame": 319,
    "p1": [
      552,
      280
    ],
    "p2": [
      501,
      2
    ]
  },
  {
    "frame": 320,
    "p1": [
      556,
      278
    ],
    "p2": [
      489,
      0
    ]
  },
  {
    "frame": 321,
    "p1": [
      477,
      0
    ],
    "p2": [
      548,
      275
    ]
  },
  {
    "frame": 322,
    "p1": [
      543,
      272
    ],
    "p2": [
      462,
      0
    ]
  },
  {
    "frame": 323,
    "p1": [
      541,
      271
    ],
    "p2": [
      449,
      0
    ]
  },
  {
    "frame": 324,
    "p1": [
      439,
      1
    ],
    "p2": [
      538,
      270
    ]
  },
  {
    "frame": 325,
    "p1": [
      533,
      266
    ],
    "p2": [
      432,
      2
    ]
  },
  {
    "frame": 326,
    "p1": [
      421,
      0
    ],
    "p2": [
      531,
      266
    ]
  },
  {
    "frame": 327,
    "p1": [
      524,
      263
    ],
    "p2": [
      411,
      1
    ]
  },
  {
    "frame": 328,
    "p1": [
      406,
      1
    ],
    "p2": [
      527,
      260
    ]
  },
  {
    "frame": 329,
    "p1": [
      524,
      262
    ],
    "p2": [
      400,
      0
    ]
  },
  {
    "frame": 330,
    "p1": [
      398,
      1
    ],
    "p2": [
      522,
      260
    ]
  },
  {
    "frame": 331,
    "p1": [
      524,
      260
    ],
    "p2": [
      395,
      2
    ]
  },
  {
    "frame": 332,
    "p1": [
      392,
      1
    ],
    "p2": [
      524,
      259
    ]
  },
  {
    "frame": 333,
    "p1": [
      525,
      261
    ],
    "p2": [
      390,
      1
    ]
  },
  {
    "frame": 334,
    "p1": [
      524,
      264
    ],
    "p2": [
      392,
      0
    ]
  },
  {
    "frame": 335,
    "p1": [
      390,
      0
    ],
    "p2": [
      524,
      265
    ]
  },
  {
    "frame": 336,
    "p1": [
      523,
      266
    ],
    "p2": [
      390,
      1
    ]
  },
  {
    "frame": 337,
    "p1": [
      393,
      2
    ],
    "p2": [
      525,
      269
    ]
  },
  {
    "frame": 338,
    "p1": [
      528,
      267
    ],
    "p2": [
      398,
      0
    ]
  },
  {
    "frame": 339,
    "p1": [
      403,
      2
    ],
    "p2": [
      536,
      272
    ]
  },
  {
    "frame": 340,
    "p1": [
      415,
      1
    ],
    "p2": [
      541,
      269
    ]
  },
  {
    "frame": 341,
    "p1": [
      539,
      269
    ],
    "p2": [
      423,
      0
    ]
  },
  {
    "frame": 342,
    "p1": [
      431,
      0
    ],
    "p2": [
      544,
      271
    ]
  },
  {
    "frame": 343,
    "p1": [
      542,
      272
    ],
    "p2": [
      440,
      0
    ]
  },
  {
    "frame": 344,
    "p1": [
      447,
      0
    ],
    "p2": [
      544,
      274
    ]
  },
  {
    "frame": 345,
    "p1": [
      546,
      273
    ],
    "p2": [
      458,
      1
    ]
  },
  {
    "frame": 346,
    "p1": [
      468,
      0
    ],
    "p2": [
      550,
      275
    ]
  },
  {
    "frame": 347,
    "p1": [
      553,
      277
    ],
    "p2": [
      479,
      2
    ]
  },
  {
    "frame": 348,
    "p1": [
      489,
      1
    ],
    "p2": [
      556,
      280
    ]
  },
  {
    "frame": 349,
    "p1": [
      558,
      283
    ],
    "p2": [
      501,
      0
    ]
  },
  {
    "frame": 350,
    "p1": [
      513,
      2
    ],
    "p2": [
      560,
      286
    ]
  },
  {
    "frame": 351,
    "p1": [
      565,
      292
    ],
    "p2": [
      526,
      0
    ]
  },
  {
    "frame": 352,
    "p1": [
      540,
      2
    ],
    "p2": [
      568,
      295
    ]
  },
  {
    "frame": 353,
    "p1": [
      574,
      298
    ],
    "p2": [
      556,
      0
    ]
  },
  {
    "frame": 354,
    "p1": [
      571,
      2
    ],
    "p2": [
      581,
      298
    ]
  },
  {
    "frame": 355,
    "p1": [
      585,
      300
    ],
    "p2": [
      589,
      1
    ]
  },
  {
    "frame": 356,
    "p1": [
      602,
      2
    ],
    "p2": [
      591,
      305
    ]
  },
  {
    "frame": 357,
    "p1": [
      591,
      306
    ],
    "p2": [
      623,
      2
    ]
  },
  {
    "frame": 358,
    "p1": [
      641,
      1
    ],
    "p2": [
      597,
      312
    ]
  },
  {
    "frame": 359,
    "p1": [
      603,
      314
    ],
    "p2": [
      661,
      2
    ]
  },
  {
    "frame": 360,
    "p1": [
      685,
      2
    ],
    "p2": [
      608,
      320
    ]
  },
  {
    "frame": 361,
    "p1": [
      614,
      321
    ],
    "p2": [
      710,
      3
    ]
  },
  {
    "frame": 362,
    "p1": [
      736,
      0
    ],
    "p2": [
      618,
      327
    ]
  },
  {
    "frame": 363,
    "p1": [
      623,
      330
    ],
    "p2": [
      761,
      0
    ]
  },
  {
    "frame": 364,
    "p1": [
      624,
      336
    ],
    "p2": [
      782,
      2
    ]
  },
  {
    "frame": 365,
    "p1": [
      810,
      0
    ],
    "p2": [
      631,
      340
    ]
  },
  {
    "frame": 366,
    "p1": [
      634,
      345
    ],
    "p2": [
      836,
      0
    ]
  },
  {
    "frame": 367,
    "p1": [
      879,
      2
    ],
    "p2": [
      639,
      354
    ]
  },
  {
    "frame": 368,
    "p1": [
      644,
      362
    ],
    "p2": [
      911,
      1
    ]
  },
  {
    "frame": 369,
    "p1": [
      949,
      1
    ],
    "p2": [
      649,
      368
    ]
  },
  {
    "frame": 370,
    "p1": [
      653,
      374
    ],
    "p2": [
      985,
      2
    ]
  },
  {
    "frame": 371,
    "p1": [
      1036,
      2
    ],
    "p2": [
      658,
      383
    ]
  },
  {
    "frame": 372,
    "p1": [
      661,
      386
    ],
    "p2": [
      1076,
      2
    ]
  },
  {
    "frame": 373,
    "p1": [
      1101,
      19
    ],
    "p2": [
      656,
      398
    ]
  },
  {
    "frame": 374,
    "p1": [
      661,
      403
    ],
    "p2": [
      1115,
      48
    ]
  },
  {
    "frame": 375,
    "p1": [
      1129,
      78
    ],
    "p2": [
      664,
      412
    ]
  },
  {
    "frame": 376,
    "p1": [
      662,
      418
    ],
    "p2": [
      1136,
      106
    ]
  },
  {
    "frame": 377,
    "p1": [
      1150,
      134
    ],
    "p2": [
      667,
      423
    ]
  },
  {
    "frame": 378,
    "p1": [
      664,
      430
    ],
    "p2": [
      1154,
      162
    ]
  },
  {
    "frame": 379,
    "p1": [
      1163,
      187
    ],
    "p2": [
      666,
      437
    ]
  },
  {
    "frame": 380,
    "p1": [
      664,
      443
    ],
    "p2": [
      1168,
      207
    ]
  },
  {
    "frame": 381,
    "p1": [
      1168,
      231
    ],
    "p2": [
      663,
      450
    ]
  },
  {
    "frame": 382,
    "p1": [
      664,
      451
    ],
    "p2": [
      1171,
      248
    ]
  },
  {
    "frame": 383,
    "p1": [
      1171,
      267
    ],
    "p2": [
      664,
      457
    ]
  },
  {
    "frame": 384,
    "p1": [
      664,
      457
    ],
    "p2": [
      1171,
      275
    ]
  },
  {
    "frame": 385,
    "p1": [
      1177,
      285
    ],
    "p2": [
      661,
      460
    ]
  },
  {
    "frame": 386,
    "p1": [
      665,
      464
    ],
    "p2": [
      1179,
      288
    ]
  },
  {
    "frame": 387,
    "p1": [
      1180,
      294
    ],
    "p2": [
      665,
      467
    ]
  },
  {
    "frame": 388,
    "p1": [
      667,
      467
    ],
    "p2": [
      1180,
      298
    ]
  },
  {
    "frame": 389,
    "p1": [
      1182,
      303
    ],
    "p2": [
      669,
      469
    ]
  },
  {
    "frame": 390,
    "p1": [
      669,
      471
    ],
    "p2": [
      1185,
      302
    ]
  },
  {
    "frame": 391,
    "p1": [
      1182,
      304
    ],
    "p2": [
      670,
      469
    ]
  },
  {
    "frame": 392,
    "p1": [
      669,
      471
    ],
    "p2": [
      1185,
      302
    ]
  },
  {
    "frame": 393,
    "p1": [
      1183,
      302
    ],
    "p2": [
      669,
      468
    ]
  },
  {
    "frame": 394,
    "p1": [
      671,
      466
    ],
    "p2": [
      1186,
      300
    ]
  },
  {
    "frame": 395,
    "p1": [
      1189,
      296
    ],
    "p2": [
      667,
      465
    ]
  },
  {
    "frame": 396,
    "p1": [
      665,
      462
    ],
    "p2": [
      1189,
      293
    ]
  },
  {
    "frame": 397,
    "p1": [
      661,
      460
    ],
    "p2": [
      1197,
      290
    ]
  },
  {
    "frame": 398,
    "p1": [
      1197,
      288
    ],
    "p2": [
      662,
      456
    ]
  },
  {
    "frame": 399,
    "p1": [
      662,
      453
    ],
    "p2": [
      1206,
      281
    ]
  },
  {
    "frame": 400,
    "p1": [
      1206,
      275
    ],
    "p2": [
      652,
      450
    ]
  },
  {
    "frame": 401,
    "p1": [
      653,
      445
    ],
    "p2": [
      1214,
      271
    ]
  },
  {
    "frame": 402,
    "p1": [
      1216,
      261
    ],
    "p2": [
      650,
      444
    ]
  },
  {
    "frame": 403,
    "p1": [
      651,
      441
    ],
    "p2": [
      1224,
      260
    ]
  },
  {
    "frame": 404,
    "p1": [
      1233,
      252
    ],
    "p2": [
      650,
      438
    ]
  },
  {
    "frame": 405,
    "p1": [
      647,
      437
    ],
    "p2": [
      1238,
      254
    ]
  },
  {
    "frame": 406,
    "p1": [
      1239,
      247
    ],
    "p2": [
      641,
      431
    ]
  },
  {
    "frame": 407,
    "p1": [
      638,
      426
    ],
    "p2": [
      1244,
      247
    ]
  },
  {
    "frame": 408,
    "p1": [
      1253,
      254
    ],
    "p2": [
      632,
      425
    ]
  },
  {
    "frame": 409,
    "p1": [
      635,
      421
    ],
    "p2": [
      1260,
      261
    ]
  },
  {
    "frame": 410,
    "p1": [
      1257,
      264
    ],
    "p2": [
      630,
      418
    ]
  },
  {
    "frame": 411,
    "p1": [
      629,
      419
    ],
    "p2": [
      1258,
      274
    ]
  },
  {
    "frame": 412,
    "p1": [
      1256,
      288
    ],
    "p2": [
      623,
      420
    ]
  },
  {
    "frame": 413,
    "p1": [
      621,
      419
    ],
    "p2": [
      1254,
      294
    ]
  },
  {
    "frame": 414,
    "p1": [
      1251,
      307
    ],
    "p2": [
      619,
      420
    ]
  },
  {
    "frame": 415,
    "p1": [
      618,
      415
    ],
    "p2": [
      1253,
      313
    ]
  },
  {
    "frame": 416,
    "p1": [
      1246,
      317
    ],
    "p2": [
      615,
      415
    ]
  },
  {
    "frame": 417,
    "p1": [
      615,
      418
    ],
    "p2": [
      1241,
      320
    ]
  },
  {
    "frame": 418,
    "p1": [
      1240,
      321
    ],
    "p2": [
      611,
      415
    ]
  },
  {
    "frame": 419,
    "p1": [
      609,
      413
    ],
    "p2": [
      1226,
      317
    ]
  },
  {
    "frame": 420,
    "p1": [
      1221,
      304
    ],
    "p2": [
      606,
      408
    ]
  },
  {
    "frame": 421,
    "p1": [
      602,
      409
    ],
    "p2": [
      1218,
      299
    ]
  },
  {
    "frame": 422,
    "p1": [
      1214,
      278
    ],
    "p2": [
      600,
      410
    ]
  },
  {
    "frame": 423,
    "p1": [
      600,
      406
    ],
    "p2": [
      1206,
      263
    ]
  },
  {
    "frame": 424,
    "p1": [
      1206,
      234
    ],
    "p2": [
      600,
      406
    ]
  },
  {
    "frame": 425,
    "p1": [
      598,
      406
    ],
    "p2": [
      1203,
      215
    ]
  },
  {
    "frame": 426,
    "p1": [
      1191,
      188
    ],
    "p2": [
      596,
      404
    ]
  },
  {
    "frame": 427,
    "p1": [
      597,
      402
    ],
    "p2": [
      1180,
      165
    ]
  },
  {
    "frame": 428,
    "p1": [
      1174,
      137
    ],
    "p2": [
      602,
      401
    ]
  },
  {
    "frame": 429,
    "p1": [
      598,
      398
    ],
    "p2": [
      1160,
      108
    ]
  },
  {
    "frame": 430,
    "p1": [
      1151,
      81
    ],
    "p2": [
      596,
      399
    ]
  },
  {
    "frame": 431,
    "p1": [
      598,
      390
    ],
    "p2": [
      1141,
      57
    ]
  },
  {
    "frame": 432,
    "p1": [
      1125,
      31
    ],
    "p2": [
      604,
      392
    ]
  },
  {
    "frame": 433,
    "p1": [
      601,
      389
    ],
    "p2": [
      1112,
      12
    ]
  },
  {
    "frame": 434,
    "p1": [
      1090,
      0
    ],
    "p2": [
      603,
      390
    ]
  },
  {
    "frame": 435,
    "p1": [
      601,
      391
    ],
    "p2": [
      1055,
      0
    ]
  },
  {
    "frame": 436,
    "p1": [
      1017,
      0
    ],
    "p2": [
      606,
      388
    ]
  },
  {
    "frame": 437,
    "p1": [
      603,
      387
    ],
    "p2": [
      997,
      2
    ]
  },
  {
    "frame": 438,
    "p1": [
      972,
      0
    ],
    "p2": [
      609,
      391
    ]
  },
  {
    "frame": 439,
    "p1": [
      605,
      389
    ],
    "p2": [
      957,
      0
    ]
  },
  {
    "frame": 440,
    "p1": [
      945,
      0
    ],
    "p2": [
      606,
      389
    ]
  },
  {
    "frame": 441,
    "p1": [
      607,
      392
    ],
    "p2": [
      935,
      0
    ]
  },
  {
    "frame": 442,
    "p1": [
      929,
      0
    ],
    "p2": [
      608,
      393
    ]
  },
  {
    "frame": 443,
    "p1": [
      605,
      392
    ],
    "p2": [
      928,
      0
    ]
  },
  {
    "frame": 444,
    "p1": [
      924,
      0
    ],
    "p2": [
      612,
      394
    ]
  },
  {
    "frame": 445,
    "p1": [
      609,
      398
    ],
    "p2": [
      926,
      0
    ]
  },
  {
    "frame": 446,
    "p1": [
      929,
      0
    ],
    "p2": [
      615,
      396
    ]
  },
  {
    "frame": 447,
    "p1": [
      613,
      399
    ],
    "p2": [
      931,
      0
    ]
  },
  {
    "frame": 448,
    "p1": [
      617,
      402
    ],
    "p2": [
      930,
      0
    ]
  },
  {
    "frame": 449,
    "p1": [
      936,
      0
    ],
    "p2": [
      614,
      400
    ]
  },
  {
    "frame": 450,
    "p1": [
      615,
      408
    ],
    "p2": [
      935,
      5
    ]
  },
  {
    "frame": 451,
    "p1": [
      933,
      14
    ],
    "p2": [
      621,
      407
    ]
  },
  {
    "frame": 452,
    "p1": [
      620,
      410
    ],
    "p2": [
      931,
      27
    ]
  },
  {
    "frame": 453,
    "p1": [
      928,
      38
    ],
    "p2": [
      626,
      413
    ]
  },
  {
    "frame": 454,
    "p1": [
      626,
      416
    ],
    "p2": [
      928,
      51
    ]
  },
  {
    "frame": 455,
    "p1": [
      928,
      69
    ],
    "p2": [
      629,
      421
    ]
  },
  {
    "frame": 456,
    "p1": [
      626,
      423
    ],
    "p2": [
      928,
      82
    ]
  },
  {
    "frame": 457,
    "p1": [
      929,
      97
    ],
    "p2": [
      626,
      424
    ]
  },
  {
    "frame": 458,
    "p1": [
      628,
      431
    ],
    "p2": [
      929,
      111
    ]
  },
  {
    "frame": 459,
    "p1": [
      934,
      125
    ],
    "p2": [
      631,
      433
    ]
  },
  {
    "frame": 460,
    "p1": [
      629,
      436
    ],
    "p2": [
      936,
      138
    ]
  },
  {
    "frame": 461,
    "p1": [
      937,
      149
    ],
    "p2": [
      626,
      439
    ]
  },
  {
    "frame": 462,
    "p1": [
      626,
      441
    ],
    "p2": [
      937,
      153
    ]
  },
  {
    "frame": 463,
    "p1": [
      940,
      161
    ],
    "p2": [
      627,
      442
    ]
  },
  {
    "frame": 464,
    "p1": [
      627,
      444
    ],
    "p2": [
      942,
      163
    ]
  },
  {
    "frame": 465,
    "p1": [
      940,
      160
    ],
    "p2": [
      629,
      444
    ]
  },
  {
    "frame": 466,
    "p1": [
      629,
      444
    ],
    "p2": [
      940,
      155
    ]
  },
  {
    "frame": 467,
    "p1": [
      943,
      143
    ],
    "p2": [
      626,
      443
    ]
  },
  {
    "frame": 468,
    "p1": [
      628,
      442
    ],
    "p2": [
      941,
      134
    ]
  },
  {
    "frame": 469,
    "p1": [
      943,
      119
    ],
    "p2": [
      625,
      446
    ]
  },
  {
    "frame": 470,
    "p1": [
      625,
      437
    ],
    "p2": [
      946,
      105
    ]
  },
  {
    "frame": 471,
    "p1": [
      943,
      85
    ],
    "p2": [
      626,
      436
    ]
  },
  {
    "frame": 472,
    "p1": [
      626,
      433
    ],
    "p2": [
      944,
      72
    ]
  },
  {
    "frame": 473,
    "p1": [
      949,
      49
    ],
    "p2": [
      626,
      429
    ]
  },
  {
    "frame": 474,
    "p1": [
      626,
      428
    ],
    "p2": [
      949,
      32
    ]
  },
  {
    "frame": 475,
    "p1": [
      953,
      10
    ],
    "p2": [
      625,
      427
    ]
  },
  {
    "frame": 476,
    "p1": [
      945,
      3
    ],
    "p2": [
      623,
      424
    ]
  },
  {
    "frame": 477,
    "p1": [
      626,
      420
    ],
    "p2": [
      936,
      0
    ]
  },
  {
    "frame": 478,
    "p1": [
      921,
      2
    ],
    "p2": [
      622,
      420
    ]
  },
  {
    "frame": 479,
    "p1": [
      624,
      418
    ],
    "p2": [
      916,
      1
    ]
  },
  {
    "frame": 480,
    "p1": [
      910,
      0
    ],
    "p2": [
      619,
      415
    ]
  },
  {
    "frame": 481,
    "p1": [
      626,
      415
    ],
    "p2": [
      906,
      0
    ]
  },
  {
    "frame": 482,
    "p1": [
      906,
      0
    ],
    "p2": [
      621,
      412
    ]
  },
  {
    "frame": 483,
    "p1": [
      621,
      409
    ],
    "p2": [
      900,
      1
    ]
  },
  {
    "frame": 484,
    "p1": [
      901,
      0
    ],
    "p2": [
      622,
      410
    ]
  },
  {
    "frame": 485,
    "p1": [
      621,
      409
    ],
    "p2": [
      902,
      1
    ]
  },
  {
    "frame": 486,
    "p1": [
      908,
      0
    ],
    "p2": [
      620,
      408
    ]
  },
  {
    "frame": 487,
    "p1": [
      620,
      408
    ],
    "p2": [
      913,
      2
    ]
  },
  {
    "frame": 488,
    "p1": [
      927,
      0
    ],
    "p2": [
      618,
      406
    ]
  },
  {
    "frame": 489,
    "p1": [
      620,
      407
    ],
    "p2": [
      941,
      0
    ]
  },
  {
    "frame": 490,
    "p1": [
      962,
      0
    ],
    "p2": [
      617,
      406
    ]
  },
  {
    "frame": 491,
    "p1": [
      617,
      405
    ],
    "p2": [
      985,
      2
    ]
  },
  {
    "frame": 492,
    "p1": [
      1019,
      2
    ],
    "p2": [
      611,
      407
    ]
  },
  {
    "frame": 493,
    "p1": [
      613,
      408
    ],
    "p2": [
      1059,
      0
    ]
  },
  {
    "frame": 494,
    "p1": [
      1109,
      6
    ],
    "p2": [
      609,
      410
    ]
  },
  {
    "frame": 495,
    "p1": [
      605,
      411
    ],
    "p2": [
      1126,
      31
    ]
  },
  {
    "frame": 496,
    "p1": [
      1142,
      74
    ],
    "p2": [
      607,
      415
    ]
  },
  {
    "frame": 497,
    "p1": [
      609,
      412
    ],
    "p2": [
      1155,
      107
    ]
  },
  {
    "frame": 498,
    "p1": [
      1167,
      137
    ],
    "p2": [
      606,
      412
    ]
  },
  {
    "frame": 499,
    "p1": [
      607,
      412
    ],
    "p2": [
      1174,
      164
    ]
  },
  {
    "frame": 500,
    "p1": [
      1181,
      190
    ],
    "p2": [
      606,
      409
    ]
  },
  {
    "frame": 501,
    "p1": [
      600,
      408
    ],
    "p2": [
      1185,
      205
    ]
  },
  {
    "frame": 502,
    "p1": [
      1186,
      219
    ],
    "p2": [
      600,
      410
    ]
  },
  {
    "frame": 503,
    "p1": [
      596,
      407
    ],
    "p2": [
      1183,
      234
    ]
  },
  {
    "frame": 504,
    "p1": [
      1180,
      232
    ],
    "p2": [
      594,
      406
    ]
  },
  {
    "frame": 505,
    "p1": [
      594,
      407
    ],
    "p2": [
      1181,
      231
    ]
  },
  {
    "frame": 506,
    "p1": [
      1180,
      225
    ],
    "p2": [
      595,
      406
    ]
  },
  {
    "frame": 507,
    "p1": [
      592,
      407
    ],
    "p2": [
      1176,
      213
    ]
  },
  {
    "frame": 508,
    "p1": [
      1172,
      196
    ],
    "p2": [
      596,
      406
    ]
  },
  {
    "frame": 509,
    "p1": [
      596,
      406
    ],
    "p2": [
      1168,
      181
    ]
  },
  {
    "frame": 510,
    "p1": [
      1162,
      155
    ],
    "p2": [
      595,
      400
    ]
  },
  {
    "frame": 511,
    "p1": [
      1156,
      126
    ],
    "p2": [
      594,
      401
    ]
  },
  {
    "frame": 512,
    "p1": [
      594,
      398
    ],
    "p2": [
      1147,
      105
    ]
  },
  {
    "frame": 513,
    "p1": [
      1135,
      75
    ],
    "p2": [
      593,
      398
    ]
  },
  {
    "frame": 514,
    "p1": [
      594,
      395
    ],
    "p2": [
      1127,
      52
    ]
  },
  {
    "frame": 515,
    "p1": [
      600,
      392
    ],
    "p2": [
      1110,
      26
    ]
  },
  {
    "frame": 516,
    "p1": [
      1101,
      2
    ],
    "p2": [
      598,
      397
    ]
  },
  {
    "frame": 517,
    "p1": [
      603,
      395
    ],
    "p2": [
      1063,
      0
    ]
  },
  {
    "frame": 518,
    "p1": [
      1033,
      1
    ],
    "p2": [
      603,
      395
    ]
  },
  {
    "frame": 519,
    "p1": [
      601,
      395
    ],
    "p2": [
      1002,
      2
    ]
  },
  {
    "frame": 520,
    "p1": [
      975,
      2
    ],
    "p2": [
      603,
      397
    ]
  },
  {
    "frame": 521,
    "p1": [
      603,
      397
    ],
    "p2": [
      958,
      2
    ]
  },
  {
    "frame": 522,
    "p1": [
      943,
      2
    ],
    "p2": [
      609,
      394
    ]
  },
  {
    "frame": 523,
    "p1": [
      607,
      396
    ],
    "p2": [
      934,
      0
    ]
  },
  {
    "frame": 524,
    "p1": [
      606,
      395
    ],
    "p2": [
      919,
      1
    ]
  },
  {
    "frame": 525,
    "p1": [
      606,
      396
    ],
    "p2": [
      908,
      0
    ]
  },
  {
    "frame": 526,
    "p1": [
      904,
      1
    ],
    "p2": [
      609,
      396
    ]
  },
  {
    "frame": 527,
    "p1": [
      608,
      395
    ],
    "p2": [
      902,
      0
    ]
  },
  {
    "frame": 528,
    "p1": [
      899,
      1
    ],
    "p2": [
      618,
      396
    ]
  },
  {
    "frame": 529,
    "p1": [
      610,
      400
    ],
    "p2": [
      901,
      0
    ]
  },
  {
    "frame": 530,
    "p1": [
      907,
      1
    ],
    "p2": [
      611,
      401
    ]
  },
  {
    "frame": 531,
    "p1": [
      616,
      403
    ],
    "p2": [
      916,
      0
    ]
  },
  {
    "frame": 532,
    "p1": [
      930,
      0
    ],
    "p2": [
      612,
      409
    ]
  },
  {
    "frame": 533,
    "p1": [
      619,
      410
    ],
    "p2": [
      951,
      1
    ]
  },
  {
    "frame": 534,
    "p1": [
      968,
      8
    ],
    "p2": [
      618,
      411
    ]
  },
  {
    "frame": 535,
    "p1": [
      620,
      415
    ],
    "p2": [
      980,
      38
    ]
  },
  {
    "frame": 536,
    "p1": [
      986,
      52
    ],
    "p2": [
      620,
      419
    ]
  },
  {
    "frame": 537,
    "p1": [
      623,
      419
    ],
    "p2": [
      1001,
      81
    ]
  },
  {
    "frame": 538,
    "p1": [
      1016,
      113
    ],
    "p2": [
      624,
      427
    ]
  },
  {
    "frame": 539,
    "p1": [
      629,
      427
    ],
    "p2": [
      1031,
      140
    ]
  },
  {
    "frame": 540,
    "p1": [
      1048,
      159
    ],
    "p2": [
      629,
      434
    ]
  },
  {
    "frame": 541,
    "p1": [
      632,
      439
    ],
    "p2": [
      1066,
      184
    ]
  },
  {
    "frame": 542,
    "p1": [
      1083,
      203
    ],
    "p2": [
      635,
      444
    ]
  },
  {
    "frame": 543,
    "p1": [
      633,
      449
    ],
    "p2": [
      1109,
      218
    ]
  },
  {
    "frame": 544,
    "p1": [
      1130,
      232
    ],
    "p2": [
      635,
      454
    ]
  },
  {
    "frame": 545,
    "p1": [
      638,
      458
    ],
    "p2": [
      1151,
      244
    ]
  },
  {
    "frame": 546,
    "p1": [
      1177,
      251
    ],
    "p2": [
      635,
      459
    ]
  },
  {
    "frame": 547,
    "p1": [
      639,
      462
    ],
    "p2": [
      1194,
      257
    ]
  },
  {
    "frame": 548,
    "p1": [
      1215,
      263
    ],
    "p2": [
      635,
      462
    ]
  },
  {
    "frame": 549,
    "p1": [
      634,
      465
    ],
    "p2": [
      1230,
      266
    ]
  },
  {
    "frame": 550,
    "p1": [
      1248,
      266
    ],
    "p2": [
      635,
      471
    ]
  },
  {
    "frame": 551,
    "p1": [
      636,
      468
    ],
    "p2": [
      1266,
      264
    ]
  },
  {
    "frame": 552,
    "p1": [
      1270,
      257
    ],
    "p2": [
      629,
      466
    ]
  },
  {
    "frame": 553,
    "p1": [
      630,
      462
    ],
    "p2": [
      1272,
      251
    ]
  },
  {
    "frame": 554,
    "p1": [
      1273,
      239
    ],
    "p2": [
      629,
      459
    ]
  },
  {
    "frame": 555,
    "p1": [
      625,
      455
    ],
    "p2": [
      1273,
      222
    ]
  },
  {
    "frame": 556,
    "p1": [
      1269,
      193
    ],
    "p2": [
      626,
      449
    ]
  },
  {
    "frame": 557,
    "p1": [
      623,
      443
    ],
    "p2": [
      1262,
      169
    ]
  },
  {
    "frame": 558,
    "p1": [
      1241,
      127
    ],
    "p2": [
      622,
      438
    ]
  },
  {
    "frame": 559,
    "p1": [
      620,
      430
    ],
    "p2": [
      1224,
      90
    ]
  },
  {
    "frame": 560,
    "p1": [
      1197,
      43
    ],
    "p2": [
      618,
      423
    ]
  },
  {
    "frame": 561,
    "p1": [
      615,
      417
    ],
    "p2": [
      1165,
      6
    ]
  },
  {
    "frame": 562,
    "p1": [
      1100,
      1
    ],
    "p2": [
      612,
      409
    ]
  },
  {
    "frame": 563,
    "p1": [
      603,
      406
    ],
    "p2": [
      1031,
      0
    ]
  },
  {
    "frame": 564,
    "p1": [
      979,
      2
    ],
    "p2": [
      600,
      403
    ]
  },
  {
    "frame": 565,
    "p1": [
      594,
      399
    ],
    "p2": [
      936,
      3
    ]
  },
  {
    "frame": 566,
    "p1": [
      907,
      3
    ],
    "p2": [
      594,
      396
    ]
  },
  {
    "frame": 567,
    "p1": [
      591,
      398
    ],
    "p2": [
      885,
      0
    ]
  },
  {
    "frame": 568,
    "p1": [
      872,
      1
    ],
    "p2": [
      594,
      394
    ]
  },
  {
    "frame": 569,
    "p1": [
      589,
      392
    ],
    "p2": [
      866,
      1
    ]
  },
  {
    "frame": 570,
    "p1": [
      864,
      1
    ],
    "p2": [
      591,
      389
    ]
  },
  {
    "frame": 571,
    "p1": [
      587,
      392
    ],
    "p2": [
      869,
      2
    ]
  },
  {
    "frame": 572,
    "p1": [
      878,
      0
    ],
    "p2": [
      587,
      392
    ]
  },
  {
    "frame": 573,
    "p1": [
      585,
      393
    ],
    "p2": [
      896,
      1
    ]
  },
  {
    "frame": 574,
    "p1": [
      919,
      2
    ],
    "p2": [
      588,
      396
    ]
  },
  {
    "frame": 575,
    "p1": [
      588,
      398
    ],
    "p2": [
      953,
      3
    ]
  },
  {
    "frame": 576,
    "p1": [
      586,
      403
    ],
    "p2": [
      972,
      18
    ]
  },
  {
    "frame": 577,
    "p1": [
      990,
      43
    ],
    "p2": [
      591,
      407
    ]
  },
  {
    "frame": 578,
    "p1": [
      593,
      415
    ],
    "p2": [
      1010,
      67
    ]
  },
  {
    "frame": 579,
    "p1": [
      1030,
      91
    ],
    "p2": [
      591,
      416
    ]
  },
  {
    "frame": 580,
    "p1": [
      597,
      421
    ],
    "p2": [
      1052,
      109
    ]
  },
  {
    "frame": 581,
    "p1": [
      1080,
      131
    ],
    "p2": [
      596,
      426
    ]
  },
  {
    "frame": 582,
    "p1": [
      599,
      428
    ],
    "p2": [
      1098,
      150
    ]
  },
  {
    "frame": 583,
    "p1": [
      1123,
      166
    ],
    "p2": [
      601,
      435
    ]
  },
  {
    "frame": 584,
    "p1": [
      602,
      437
    ],
    "p2": [
      1145,
      180
    ]
  },
  {
    "frame": 585,
    "p1": [
      1164,
      196
    ],
    "p2": [
      599,
      438
    ]
  },
  {
    "frame": 586,
    "p1": [
      605,
      442
    ],
    "p2": [
      1178,
      204
    ]
  },
  {
    "frame": 587,
    "p1": [
      1203,
      208
    ],
    "p2": [
      608,
      444
    ]
  },
  {
    "frame": 588,
    "p1": [
      607,
      444
    ],
    "p2": [
      1213,
      207
    ]
  },
  {
    "frame": 589,
    "p1": [
      1224,
      197
    ],
    "p2": [
      607,
      444
    ]
  },
  {
    "frame": 590,
    "p1": [
      608,
      442
    ],
    "p2": [
      1227,
      186
    ]
  },
  {
    "frame": 591,
    "p1": [
      1222,
      165
    ],
    "p2": [
      603,
      441
    ]
  },
  {
    "frame": 592,
    "p1": [
      606,
      437
    ],
    "p2": [
      1212,
      140
    ]
  },
  {
    "frame": 593,
    "p1": [
      1197,
      111
    ],
    "p2": [
      600,
      433
    ]
  },
  {
    "frame": 594,
    "p1": [
      599,
      426
    ],
    "p2": [
      1182,
      79
    ]
  },
  {
    "frame": 595,
    "p1": [
      1165,
      43
    ],
    "p2": [
      595,
      424
    ]
  },
  {
    "frame": 596,
    "p1": [
      594,
      420
    ],
    "p2": [
      1136,
      14
    ]
  },
  {
    "frame": 597,
    "p1": [
      1083,
      2
    ],
    "p2": [
      590,
      415
    ]
  },
  {
    "frame": 598,
    "p1": [
      587,
      409
    ],
    "p2": [
      1017,
      5
    ]
  },
  {
    "frame": 599,
    "p1": [
      978,
      2
    ],
    "p2": [
      587,
      407
    ]
  },
  {
    "frame": 600,
    "p1": [
      587,
      401
    ],
    "p2": [
      941,
      0
    ]
  },
  {
    "frame": 601,
    "p1": [
      911,
      0
    ],
    "p2": [
      587,
      400
    ]
  },
  {
    "frame": 602,
    "p1": [
      583,
      395
    ],
    "p2": [
      891,
      2
    ]
  },
  {
    "frame": 603,
    "p1": [
      881,
      0
    ],
    "p2": [
      585,
      396
    ]
  },
  {
    "frame": 604,
    "p1": [
      582,
      394
    ],
    "p2": [
      873,
      2
    ]
  },
  {
    "frame": 605,
    "p1": [
      584,
      398
    ],
    "p2": [
      877,
      0
    ]
  },
  {
    "frame": 606,
    "p1": [
      882,
      2
    ],
    "p2": [
      588,
      397
    ]
  },
  {
    "frame": 607,
    "p1": [
      588,
      397
    ],
    "p2": [
      897,
      2
    ]
  },
  {
    "frame": 608,
    "p1": [
      924,
      2
    ],
    "p2": [
      594,
      400
    ]
  },
  {
    "frame": 609,
    "p1": [
      595,
      403
    ],
    "p2": [
      954,
      1
    ]
  },
  {
    "frame": 610,
    "p1": [
      981,
      13
    ],
    "p2": [
      597,
      412
    ]
  },
  {
    "frame": 611,
    "p1": [
      601,
      412
    ],
    "p2": [
      994,
      39
    ]
  },
  {
    "frame": 612,
    "p1": [
      1010,
      69
    ],
    "p2": [
      601,
      422
    ]
  },
  {
    "frame": 613,
    "p1": [
      610,
      425
    ],
    "p2": [
      1025,
      99
    ]
  },
  {
    "frame": 614,
    "p1": [
      610,
      432
    ],
    "p2": [
      1052,
      125
    ]
  },
  {
    "frame": 615,
    "p1": [
      1069,
      152
    ],
    "p2": [
      609,
      438
    ]
  },
  {
    "frame": 616,
    "p1": [
      615,
      444
    ],
    "p2": [
      1087,
      182
    ]
  },
  {
    "frame": 617,
    "p1": [
      1113,
      209
    ],
    "p2": [
      619,
      452
    ]
  },
  {
    "frame": 618,
    "p1": [
      621,
      458
    ],
    "p2": [
      1136,
      231
    ]
  },
  {
    "frame": 619,
    "p1": [
      1160,
      254
    ],
    "p2": [
      618,
      462
    ]
  },
  {
    "frame": 620,
    "p1": [
      620,
      467
    ],
    "p2": [
      1174,
      265
    ]
  },
  {
    "frame": 621,
    "p1": [
      1202,
      280
    ],
    "p2": [
      628,
      471
    ]
  },
  {
    "frame": 622,
    "p1": [
      626,
      471
    ],
    "p2": [
      1209,
      282
    ]
  },
  {
    "frame": 623,
    "p1": [
      1222,
      283
    ],
    "p2": [
      625,
      474
    ]
  },
  {
    "frame": 624,
    "p1": [
      626,
      473
    ],
    "p2": [
      1227,
      276
    ]
  },
  {
    "frame": 625,
    "p1": [
      624,
      470
    ],
    "p2": [
      1242,
      265
    ]
  },
  {
    "frame": 626,
    "p1": [
      626,
      466
    ],
    "p2": [
      1236,
      248
    ]
  },
  {
    "frame": 627,
    "p1": [
      1239,
      218
    ],
    "p2": [
      622,
      465
    ]
  },
  {
    "frame": 628,
    "p1": [
      622,
      457
    ],
    "p2": [
      1232,
      191
    ]
  },
  {
    "frame": 629,
    "p1": [
      1223,
      152
    ],
    "p2": [
      622,
      457
    ]
  },
  {
    "frame": 630,
    "p1": [
      617,
      451
    ],
    "p2": [
      1209,
      121
    ]
  },
  {
    "frame": 631,
    "p1": [
      1180,
      83
    ],
    "p2": [
      619,
      443
    ]
  },
  {
    "frame": 632,
    "p1": [
      615,
      436
    ],
    "p2": [
      1160,
      50
    ]
  },
  {
    "frame": 633,
    "p1": [
      1136,
      11
    ],
    "p2": [
      610,
      436
    ]
  },
  {
    "frame": 634,
    "p1": [
      606,
      427
    ],
    "p2": [
      1095,
      1
    ]
  },
  {
    "frame": 635,
    "p1": [
      1029,
      1
    ],
    "p2": [
      604,
      425
    ]
  },
  {
    "frame": 636,
    "p1": [
      598,
      419
    ],
    "p2": [
      979,
      1
    ]
  },
  {
    "frame": 637,
    "p1": [
      946,
      1
    ],
    "p2": [
      599,
      415
    ]
  },
  {
    "frame": 638,
    "p1": [
      598,
      413
    ],
    "p2": [
      915,
      2
    ]
  },
  {
    "frame": 639,
    "p1": [
      896,
      1
    ],
    "p2": [
      600,
      409
    ]
  },
  {
    "frame": 640,
    "p1": [
      600,
      409
    ],
    "p2": [
      882,
      0
    ]
  },
  {
    "frame": 641,
    "p1": [
      872,
      0
    ],
    "p2": [
      596,
      409
    ]
  },
  {
    "frame": 642,
    "p1": [
      599,
      407
    ],
    "p2": [
      869,
      0
    ]
  },
  {
    "frame": 643,
    "p1": [
      870,
      2
    ],
    "p2": [
      600,
      406
    ]
  },
  {
    "frame": 644,
    "p1": [
      603,
      404
    ],
    "p2": [
      881,
      1
    ]
  },
  {
    "frame": 645,
    "p1": [
      901,
      0
    ],
    "p2": [
      603,
      407
    ]
  },
  {
    "frame": 646,
    "p1": [
      609,
      409
    ],
    "p2": [
      923,
      2
    ]
  },
  {
    "frame": 647,
    "p1": [
      954,
      1
    ],
    "p2": [
      606,
      413
    ]
  },
  {
    "frame": 648,
    "p1": [
      612,
      415
    ],
    "p2": [
      976,
      11
    ]
  },
  {
    "frame": 649,
    "p1": [
      995,
      32
    ],
    "p2": [
      618,
      420
    ]
  },
  {
    "frame": 650,
    "p1": [
      618,
      424
    ],
    "p2": [
      1014,
      58
    ]
  },
  {
    "frame": 651,
    "p1": [
      1037,
      83
    ],
    "p2": [
      622,
      433
    ]
  },
  {
    "frame": 652,
    "p1": [
      624,
      433
    ],
    "p2": [
      1051,
      103
    ]
  },
  {
    "frame": 653,
    "p1": [
      1070,
      123
    ],
    "p2": [
      628,
      441
    ]
  },
  {
    "frame": 654,
    "p1": [
      627,
      443
    ],
    "p2": [
      1089,
      145
    ]
  },
  {
    "frame": 655,
    "p1": [
      1107,
      163
    ],
    "p2": [
      631,
      451
    ]
  },
  {
    "frame": 656,
    "p1": [
      631,
      453
    ],
    "p2": [
      1121,
      184
    ]
  },
  {
    "frame": 657,
    "p1": [
      1137,
      198
    ],
    "p2": [
      633,
      459
    ]
  },
  {
    "frame": 658,
    "p1": [
      630,
      461
    ],
    "p2": [
      1148,
      210
    ]
  },
  {
    "frame": 659,
    "p1": [
      1159,
      217
    ],
    "p2": [
      635,
      462
    ]
  },
  {
    "frame": 660,
    "p1": [
      635,
      462
    ],
    "p2": [
      1171,
      219
    ]
  },
  {
    "frame": 661,
    "p1": [
      1177,
      213
    ],
    "p2": [
      633,
      462
    ]
  },
  {
    "frame": 662,
    "p1": [
      633,
      458
    ],
    "p2": [
      1177,
      208
    ]
  },
  {
    "frame": 663,
    "p1": [
      1176,
      190
    ],
    "p2": [
      640,
      453
    ]
  },
  {
    "frame": 664,
    "p1": [
      635,
      449
    ],
    "p2": [
      1172,
      178
    ]
  },
  {
    "frame": 665,
    "p1": [
      1167,
      156
    ],
    "p2": [
      632,
      444
    ]
  },
  {
    "frame": 666,
    "p1": [
      632,
      436
    ],
    "p2": [
      1160,
      133
    ]
  },
  {
    "frame": 667,
    "p1": [
      1151,
      115
    ],
    "p2": [
      632,
      429
    ]
  },
  {
    "frame": 668,
    "p1": [
      630,
      421
    ],
    "p2": [
      1140,
      87
    ]
  },
  {
    "frame": 669,
    "p1": [
      1124,
      55
    ],
    "p2": [
      629,
      414
    ]
  },
  {
    "frame": 670,
    "p1": [
      624,
      404
    ],
    "p2": [
      1110,
      34
    ]
  },
  {
    "frame": 671,
    "p1": [
      1092,
      2
    ],
    "p2": [
      620,
      398
    ]
  },
  {
    "frame": 672,
    "p1": [
      616,
      391
    ],
    "p2": [
      1053,
      0
    ]
  },
  {
    "frame": 673,
    "p1": [
      612,
      382
    ],
    "p2": [
      998,
      2
    ]
  },
  {
    "frame": 674,
    "p1": [
      610,
      377
    ],
    "p2": [
      948,
      1
    ]
  },
  {
    "frame": 675,
    "p1": [
      607,
      368
    ],
    "p2": [
      908,
      0
    ]
  },
  {
    "frame": 676,
    "p1": [
      602,
      362
    ],
    "p2": [
      867,
      2
    ]
  },
  {
    "frame": 677,
    "p1": [
      837,
      0
    ],
    "p2": [
      595,
      359
    ]
  },
  {
    "frame": 678,
    "p1": [
      591,
      350
    ],
    "p2": [
      799,
      2
    ]
  },
  {
    "frame": 679,
    "p1": [
      587,
      349
    ],
    "p2": [
      773,
      0
    ]
  },
  {
    "frame": 680,
    "p1": [
      748,
      0
    ],
    "p2": [
      582,
      341
    ]
  },
  {
    "frame": 681,
    "p1": [
      578,
      339
    ],
    "p2": [
      724,
      2
    ]
  },
  {
    "frame": 682,
    "p1": [
      703,
      2
    ],
    "p2": [
      577,
      333
    ]
  },
  {
    "frame": 683,
    "p1": [
      573,
      331
    ],
    "p2": [
      679,
      1
    ]
  },
  {
    "frame": 684,
    "p1": [
      656,
      2
    ],
    "p2": [
      568,
      327
    ]
  },
  {
    "frame": 685,
    "p1": [
      565,
      325
    ],
    "p2": [
      636,
      1
    ]
  },
  {
    "frame": 686,
    "p1": [
      615,
      0
    ],
    "p2": [
      559,
      324
    ]
  },
  {
    "frame": 687,
    "p1": [
      554,
      320
    ],
    "p2": [
      595,
      1
    ]
  },
  {
    "frame": 688,
    "p1": [
      576,
      2
    ],
    "p2": [
      551,
      322
    ]
  },
  {
    "frame": 689,
    "p1": [
      557,
      2
    ],
    "p2": [
      548,
      321
    ]
  },
  {
    "frame": 690,
    "p1": [
      546,
      321
    ],
    "p2": [
      536,
      1
    ]
  },
  {
    "frame": 691,
    "p1": [
      519,
      2
    ],
    "p2": [
      541,
      321
    ]
  },
  {
    "frame": 692,
    "p1": [
      536,
      321
    ],
    "p2": [
      502,
      1
    ]
  },
  {
    "frame": 693,
    "p1": [
      531,
      321
    ],
    "p2": [
      484,
      2
    ]
  },
  {
    "frame": 694,
    "p1": [
      465,
      3
    ],
    "p2": [
      527,
      322
    ]
  },
  {
    "frame": 695,
    "p1": [
      525,
      324
    ],
    "p2": [
      448,
      0
    ]
  },
  {
    "frame": 696,
    "p1": [
      433,
      0
    ],
    "p2": [
      522,
      324
    ]
  },
  {
    "frame": 697,
    "p1": [
      520,
      325
    ],
    "p2": [
      417,
      2
    ]
  },
  {
    "frame": 698,
    "p1": [
      404,
      1
    ],
    "p2": [
      518,
      324
    ]
  },
  {
    "frame": 699,
    "p1": [
      517,
      324
    ],
    "p2": [
      395,
      2
    ]
  },
  {
    "frame": 700,
    "p1": [
      389,
      0
    ],
    "p2": [
      516,
      323
    ]
  },
  {
    "frame": 701,
    "p1": [
      515,
      324
    ],
    "p2": [
      388,
      0
    ]
  },
  {
    "frame": 702,
    "p1": [
      392,
      1
    ],
    "p2": [
      516,
      324
    ]
  },
  {
    "frame": 703,
    "p1": [
      520,
      322
    ],
    "p2": [
      400,
      0
    ]
  },
  {
    "frame": 704,
    "p1": [
      407,
      2
    ],
    "p2": [
      518,
      323
    ]
  },
  {
    "frame": 705,
    "p1": [
      525,
      324
    ],
    "p2": [
      418,
      2
    ]
  },
  {
    "frame": 706,
    "p1": [
      528,
      324
    ],
    "p2": [
      433,
      2
    ]
  },
  {
    "frame": 707,
    "p1": [
      532,
      327
    ],
    "p2": [
      450,
      1
    ]
  },
  {
    "frame": 708,
    "p1": [
      468,
      2
    ],
    "p2": [
      533,
      331
    ]
  },
  {
    "frame": 709,
    "p1": [
      538,
      332
    ],
    "p2": [
      491,
      3
    ]
  },
  {
    "frame": 710,
    "p1": [
      515,
      2
    ],
    "p2": [
      544,
      335
    ]
  },
  {
    "frame": 711,
    "p1": [
      547,
      336
    ],
    "p2": [
      537,
      1
    ]
  },
  {
    "frame": 712,
    "p1": [
      568,
      4
    ],
    "p2": [
      553,
      339
    ]
  },
  {
    "frame": 713,
    "p1": [
      560,
      340
    ],
    "p2": [
      596,
      5
    ]
  },
  {
    "frame": 714,
    "p1": [
      623,
      2
    ],
    "p2": [
      565,
      344
    ]
  },
  {
    "frame": 715,
    "p1": [
      568,
      349
    ],
    "p2": [
      654,
      3
    ]
  },
  {
    "frame": 716,
    "p1": [
      688,
      3
    ],
    "p2": [
      576,
      351
    ]
  },
  {
    "frame": 717,
    "p1": [
      581,
      354
    ],
    "p2": [
      712,
      3
    ]
  },
  {
    "frame": 718,
    "p1": [
      749,
      5
    ],
    "p2": [
      587,
      359
    ]
  },
  {
    "frame": 719,
    "p1": [
      591,
      361
    ],
    "p2": [
      782,
      2
    ]
  },
  {
    "frame": 720,
    "p1": [
      815,
      2
    ],
    "p2": [
      599,
      365
    ]
  },
  {
    "frame": 721,
    "p1": [
      603,
      368
    ],
    "p2": [
      847,
      2
    ]
  },
  {
    "frame": 722,
    "p1": [
      884,
      3
    ],
    "p2": [
      606,
      375
    ]
  },
  {
    "frame": 723,
    "p1": [
      609,
      380
    ],
    "p2": [
      920,
      2
    ]
  },
  {
    "frame": 724,
    "p1": [
      963,
      1
    ],
    "p2": [
      615,
      386
    ]
  },
  {
    "frame": 725,
    "p1": [
      616,
      391
    ],
    "p2": [
      1000,
      1
    ]
  },
  {
    "frame": 726,
    "p1": [
      621,
      398
    ],
    "p2": [
      1052,
      0
    ]
  },
  {
    "frame": 727,
    "p1": [
      1085,
      12
    ],
    "p2": [
      627,
      403
    ]
  },
  {
    "frame": 728,
    "p1": [
      626,
      406
    ],
    "p2": [
      1096,
      42
    ]
  },
  {
    "frame": 729,
    "p1": [
      1110,
      66
    ],
    "p2": [
      626,
      413
    ]
  },
  {
    "frame": 730,
    "p1": [
      626,
      418
    ],
    "p2": [
      1119,
      85
    ]
  },
  {
    "frame": 731,
    "p1": [
      1124,
      96
    ],
    "p2": [
      627,
      420
    ]
  },
  {
    "frame": 732,
    "p1": [
      626,
      426
    ],
    "p2": [
      1130,
      102
    ]
  },
  {
    "frame": 733,
    "p1": [
      1130,
      109
    ],
    "p2": [
      630,
      424
    ]
  },
  {
    "frame": 734,
    "p1": [
      624,
      427
    ],
    "p2": [
      1133,
      113
    ]
  },
  {
    "frame": 735,
    "p1": [
      1133,
      110
    ],
    "p2": [
      625,
      428
    ]
  },
  {
    "frame": 736,
    "p1": [
      621,
      426
    ],
    "p2": [
      1133,
      105
    ]
  },
  {
    "frame": 737,
    "p1": [
      1127,
      105
    ],
    "p2": [
      625,
      426
    ]
  },
  {
    "frame": 738,
    "p1": [
      620,
      423
    ],
    "p2": [
      1125,
      100
    ]
  },
  {
    "frame": 739,
    "p1": [
      1120,
      95
    ],
    "p2": [
      623,
      422
    ]
  },
  {
    "frame": 740,
    "p1": [
      623,
      419
    ],
    "p2": [
      1117,
      93
    ]
  },
  {
    "frame": 741,
    "p1": [
      1113,
      87
    ],
    "p2": [
      623,
      421
    ]
  },
  {
    "frame": 742,
    "p1": [
      624,
      418
    ],
    "p2": [
      1110,
      81
    ]
  },
  {
    "frame": 743,
    "p1": [
      1100,
      64
    ],
    "p2": [
      621,
      414
    ]
  },
  {
    "frame": 744,
    "p1": [
      620,
      411
    ],
    "p2": [
      1101,
      49
    ]
  },
  {
    "frame": 745,
    "p1": [
      1086,
      29
    ],
    "p2": [
      625,
      401
    ]
  },
  {
    "frame": 746,
    "p1": [
      620,
      398
    ],
    "p2": [
      1070,
      8
    ]
  },
  {
    "frame": 747,
    "p1": [
      1045,
      0
    ],
    "p2": [
      616,
      395
    ]
  },
  {
    "frame": 748,
    "p1": [
      614,
      390
    ],
    "p2": [
      995,
      1
    ]
  },
  {
    "frame": 749,
    "p1": [
      960,
      0
    ],
    "p2": [
      609,
      386
    ]
  },
  {
    "frame": 750,
    "p1": [
      607,
      376
    ],
    "p2": [
      914,
      0
    ]
  },
  {
    "frame": 751,
    "p1": [
      873,
      0
    ],
    "p2": [
      606,
      370
    ]
  },
  {
    "frame": 752,
    "p1": [
      603,
      362
    ],
    "p2": [
      841,
      2
    ]
  },
  {
    "frame": 753,
    "p1": [
      804,
      0
    ],
    "p2": [
      600,
      357
    ]
  },
  {
    "frame": 754,
    "p1": [
      596,
      351
    ],
    "p2": [
      787,
      1
    ]
  },
  {
    "frame": 755,
    "p1": [
      596,
      343
    ],
    "p2": [
      758,
      1
    ]
  },
  {
    "frame": 756,
    "p1": [
      734,
      3
    ],
    "p2": [
      591,
      340
    ]
  },
  {
    "frame": 0,
    "p1": [
      307,
      605
    ],
    "p2": [
      77,
      715
    ]
  },
  {
    "frame": 757,
    "p1": [
      582,
      336
    ],
    "p2": [
      703,
      6
    ]
  },
  {
    "frame": 758,
    "p1": [
      683,
      0
    ],
    "p2": [
      584,
      327
    ]
  },
  {
    "frame": 759,
    "p1": [
      571,
      324
    ],
    "p2": [
      655,
      1
    ]
  },
  {
    "frame": 760,
    "p1": [
      637,
      1
    ],
    "p2": [
      573,
      322
    ]
  },
  {
    "frame": 761,
    "p1": [
      567,
      320
    ],
    "p2": [
      614,
      0
    ]
  },
  {
    "frame": 762,
    "p1": [
      600,
      1
    ],
    "p2": [
      568,
      316
    ]
  },
  {
    "frame": 763,
    "p1": [
      562,
      313
    ],
    "p2": [
      579,
      2
    ]
  },
  {
    "frame": 764,
    "p1": [
      561,
      2
    ],
    "p2": [
      557,
      311
    ]
  },
  {
    "frame": 765,
    "p1": [
      549,
      309
    ],
    "p2": [
      541,
      0
    ]
  },
  {
    "frame": 766,
    "p1": [
      525,
      0
    ],
    "p2": [
      546,
      300
    ]
  },
  {
    "frame": 767,
    "p1": [
      541,
      300
    ],
    "p2": [
      507,
      0
    ]
  },
  {
    "frame": 768,
    "p1": [
      493,
      0
    ],
    "p2": [
      538,
      299
    ]
  },
  {
    "frame": 769,
    "p1": [
      536,
      297
    ],
    "p2": [
      481,
      2
    ]
  },
  {
    "frame": 770,
    "p1": [
      477,
      1
    ],
    "p2": [
      537,
      298
    ]
  },
  {
    "frame": 771,
    "p1": [
      536,
      296
    ],
    "p2": [
      471,
      2
    ]
  },
  {
    "frame": 772,
    "p1": [
      463,
      3
    ],
    "p2": [
      537,
      298
    ]
  },
  {
    "frame": 773,
    "p1": [
      534,
      297
    ],
    "p2": [
      459,
      1
    ]
  },
  {
    "frame": 774,
    "p1": [
      459,
      1
    ],
    "p2": [
      529,
      295
    ]
  },
  {
    "frame": 775,
    "p1": [
      531,
      290
    ],
    "p2": [
      461,
      2
    ]
  },
  {
    "frame": 776,
    "p1": [
      464,
      0
    ],
    "p2": [
      533,
      290
    ]
  },
  {
    "frame": 777,
    "p1": [
      533,
      289
    ],
    "p2": [
      471,
      3
    ]
  },
  {
    "frame": 778,
    "p1": [
      473,
      2
    ],
    "p2": [
      534,
      289
    ]
  },
  {
    "frame": 779,
    "p1": [
      533,
      287
    ],
    "p2": [
      480,
      2
    ]
  },
  {
    "frame": 780,
    "p1": [
      533,
      287
    ],
    "p2": [
      485,
      2
    ]
  },
  {
    "frame": 781,
    "p1": [
      489,
      1
    ],
    "p2": [
      527,
      286
    ]
  },
  {
    "frame": 782,
    "p1": [
      535,
      281
    ],
    "p2": [
      496,
      0
    ]
  },
  {
    "frame": 783,
    "p1": [
      502,
      0
    ],
    "p2": [
      536,
      283
    ]
  },
  {
    "frame": 784,
    "p1": [
      536,
      279
    ],
    "p2": [
      514,
      4
    ]
  },
  {
    "frame": 785,
    "p1": [
      521,
      1
    ],
    "p2": [
      534,
      281
    ]
  },
  {
    "frame": 786,
    "p1": [
      534,
      275
    ],
    "p2": [
      532,
      3
    ]
  },
  {
    "frame": 787,
    "p1": [
      541,
      2
    ],
    "p2": [
      533,
      274
    ]
  },
  {
    "frame": 788,
    "p1": [
      528,
      270
    ],
    "p2": [
      553,
      0
    ]
  },
  {
    "frame": 789,
    "p1": [
      568,
      2
    ],
    "p2": [
      530,
      269
    ]
  },
  {
    "frame": 790,
    "p1": [
      529,
      268
    ],
    "p2": [
      585,
      5
    ]
  },
  {
    "frame": 791,
    "p1": [
      602,
      3
    ],
    "p2": [
      524,
      271
    ]
  },
  {
    "frame": 792,
    "p1": [
      521,
      268
    ],
    "p2": [
      620,
      1
    ]
  },
  {
    "frame": 793,
    "p1": [
      638,
      2
    ],
    "p2": [
      516,
      266
    ]
  },
  {
    "frame": 794,
    "p1": [
      512,
      264
    ],
    "p2": [
      665,
      2
    ]
  },
  {
    "frame": 795,
    "p1": [
      697,
      1
    ],
    "p2": [
      511,
      270
    ]
  },
  {
    "frame": 796,
    "p1": [
      510,
      268
    ],
    "p2": [
      731,
      2
    ]
  },
  {
    "frame": 797,
    "p1": [
      503,
      268
    ],
    "p2": [
      781,
      0
    ]
  },
  {
    "frame": 798,
    "p1": [
      828,
      1
    ],
    "p2": [
      504,
      268
    ]
  },
  {
    "frame": 799,
    "p1": [
      503,
      267
    ],
    "p2": [
      885,
      0
    ]
  },
  {
    "frame": 800,
    "p1": [
      937,
      20
    ],
    "p2": [
      498,
      266
    ]
  },
  {
    "frame": 801,
    "p1": [
      494,
      267
    ],
    "p2": [
      954,
      44
    ]
  },
  {
    "frame": 802,
    "p1": [
      969,
      72
    ],
    "p2": [
      495,
      269
    ]
  },
  {
    "frame": 803,
    "p1": [
      492,
      272
    ],
    "p2": [
      987,
      99
    ]
  },
  {
    "frame": 804,
    "p1": [
      998,
      125
    ],
    "p2": [
      487,
      270
    ]
  },
  {
    "frame": 805,
    "p1": [
      487,
      272
    ],
    "p2": [
      1018,
      147
    ]
  },
  {
    "frame": 806,
    "p1": [
      1030,
      160
    ],
    "p2": [
      490,
      273
    ]
  },
  {
    "frame": 807,
    "p1": [
      486,
      275
    ],
    "p2": [
      1039,
      168
    ]
  },
  {
    "frame": 808,
    "p1": [
      1038,
      181
    ],
    "p2": [
      484,
      276
    ]
  },
  {
    "frame": 809,
    "p1": [
      484,
      277
    ],
    "p2": [
      1042,
      189
    ]
  },
  {
    "frame": 810,
    "p1": [
      1047,
      197
    ],
    "p2": [
      483,
      280
    ]
  },
  {
    "frame": 811,
    "p1": [
      483,
      283
    ],
    "p2": [
      1047,
      201
    ]
  },
  {
    "frame": 812,
    "p1": [
      483,
      285
    ],
    "p2": [
      1044,
      211
    ]
  },
  {
    "frame": 813,
    "p1": [
      1048,
      210
    ],
    "p2": [
      481,
      288
    ]
  },
  {
    "frame": 814,
    "p1": [
      482,
      289
    ],
    "p2": [
      1049,
      218
    ]
  },
  {
    "frame": 815,
    "p1": [
      1047,
      224
    ],
    "p2": [
      483,
      297
    ]
  },
  {
    "frame": 816,
    "p1": [
      484,
      297
    ],
    "p2": [
      1047,
      228
    ]
  },
  {
    "frame": 817,
    "p1": [
      1045,
      235
    ],
    "p2": [
      483,
      304
    ]
  },
  {
    "frame": 818,
    "p1": [
      484,
      305
    ],
    "p2": [
      1040,
      242
    ]
  },
  {
    "frame": 819,
    "p1": [
      1044,
      247
    ],
    "p2": [
      484,
      312
    ]
  },
  {
    "frame": 820,
    "p1": [
      485,
      312
    ],
    "p2": [
      1042,
      254
    ]
  },
  {
    "frame": 821,
    "p1": [
      1042,
      259
    ],
    "p2": [
      484,
      315
    ]
  },
  {
    "frame": 822,
    "p1": [
      480,
      316
    ],
    "p2": [
      1043,
      264
    ]
  },
  {
    "frame": 823,
    "p1": [
      1036,
      264
    ],
    "p2": [
      483,
      319
    ]
  },
  {
    "frame": 824,
    "p1": [
      482,
      320
    ],
    "p2": [
      1033,
      267
    ]
  },
  {
    "frame": 825,
    "p1": [
      1038,
      262
    ],
    "p2": [
      480,
      323
    ]
  },
  {
    "frame": 826,
    "p1": [
      482,
      324
    ],
    "p2": [
      1039,
      258
    ]
  },
  {
    "frame": 827,
    "p1": [
      1042,
      247
    ],
    "p2": [
      489,
      324
    ]
  },
  {
    "frame": 828,
    "p1": [
      489,
      324
    ],
    "p2": [
      1047,
      227
    ]
  },
  {
    "frame": 829,
    "p1": [
      1044,
      204
    ],
    "p2": [
      493,
      323
    ]
  },
  {
    "frame": 830,
    "p1": [
      501,
      326
    ],
    "p2": [
      1040,
      181
    ]
  },
  {
    "frame": 831,
    "p1": [
      1032,
      143
    ],
    "p2": [
      498,
      322
    ]
  },
  {
    "frame": 832,
    "p1": [
      503,
      322
    ],
    "p2": [
      1020,
      114
    ]
  },
  {
    "frame": 833,
    "p1": [
      1004,
      71
    ],
    "p2": [
      504,
      321
    ]
  },
  {
    "frame": 834,
    "p1": [
      504,
      321
    ],
    "p2": [
      977,
      31
    ]
  },
  {
    "frame": 835,
    "p1": [
      944,
      2
    ],
    "p2": [
      508,
      321
    ]
  },
  {
    "frame": 836,
    "p1": [
      508,
      324
    ],
    "p2": [
      850,
      3
    ]
  },
  {
    "frame": 837,
    "p1": [
      793,
      1
    ],
    "p2": [
      513,
      324
    ]
  },
  {
    "frame": 838,
    "p1": [
      512,
      327
    ],
    "p2": [
      724,
      3
    ]
  },
  {
    "frame": 839,
    "p1": [
      673,
      2
    ],
    "p2": [
      516,
      327
    ]
  },
  {
    "frame": 840,
    "p1": [
      520,
      328
    ],
    "p2": [
      630,
      2
    ]
  },
  {
    "frame": 841,
    "p1": [
      594,
      2
    ],
    "p2": [
      524,
      328
    ]
  },
  {
    "frame": 842,
    "p1": [
      523,
      329
    ],
    "p2": [
      564,
      4
    ]
  },
  {
    "frame": 843,
    "p1": [
      545,
      0
    ],
    "p2": [
      527,
      328
    ]
  },
  {
    "frame": 844,
    "p1": [
      530,
      330
    ],
    "p2": [
      524,
      1
    ]
  },
  {
    "frame": 845,
    "p1": [
      509,
      2
    ],
    "p2": [
      535,
      328
    ]
  },
  {
    "frame": 846,
    "p1": [
      535,
      330
    ],
    "p2": [
      499,
      0
    ]
  },
  {
    "frame": 847,
    "p1": [
      536,
      327
    ],
    "p2": [
      492,
      1
    ]
  },
  {
    "frame": 848,
    "p1": [
      491,
      1
    ],
    "p2": [
      541,
      326
    ]
  },
  {
    "frame": 849,
    "p1": [
      542,
      327
    ],
    "p2": [
      483,
      2
    ]
  },
  {
    "frame": 850,
    "p1": [
      483,
      2
    ],
    "p2": [
      546,
      324
    ]
  },
  {
    "frame": 851,
    "p1": [
      541,
      329
    ],
    "p2": [
      479,
      2
    ]
  },
  {
    "frame": 852,
    "p1": [
      480,
      2
    ],
    "p2": [
      544,
      329
    ]
  },
  {
    "frame": 853,
    "p1": [
      546,
      329
    ],
    "p2": [
      486,
      3
    ]
  },
  {
    "frame": 854,
    "p1": [
      489,
      2
    ],
    "p2": [
      550,
      331
    ]
  },
  {
    "frame": 855,
    "p1": [
      500,
      0
    ],
    "p2": [
      553,
      334
    ]
  },
  {
    "frame": 856,
    "p1": [
      553,
      334
    ],
    "p2": [
      509,
      2
    ]
  },
  {
    "frame": 857,
    "p1": [
      521,
      2
    ],
    "p2": [
      558,
      335
    ]
  },
  {
    "frame": 858,
    "p1": [
      559,
      330
    ],
    "p2": [
      533,
      2
    ]
  },
  {
    "frame": 859,
    "p1": [
      548,
      2
    ],
    "p2": [
      562,
      336
    ]
  },
  {
    "frame": 860,
    "p1": [
      566,
      339
    ],
    "p2": [
      567,
      2
    ]
  },
  {
    "frame": 861,
    "p1": [
      586,
      3
    ],
    "p2": [
      571,
      343
    ]
  },
  {
    "frame": 862,
    "p1": [
      575,
      345
    ],
    "p2": [
      608,
      2
    ]
  },
  {
    "frame": 863,
    "p1": [
      629,
      2
    ],
    "p2": [
      579,
      340
    ]
  },
  {
    "frame": 864,
    "p1": [
      580,
      351
    ],
    "p2": [
      649,
      4
    ]
  },
  {
    "frame": 865,
    "p1": [
      681,
      3
    ],
    "p2": [
      586,
      352
    ]
  },
  {
    "frame": 866,
    "p1": [
      588,
      354
    ],
    "p2": [
      707,
      3
    ]
  },
  {
    "frame": 867,
    "p1": [
      741,
      2
    ],
    "p2": [
      597,
      362
    ]
  },
  {
    "frame": 868,
    "p1": [
      600,
      365
    ],
    "p2": [
      763,
      5
    ]
  },
  {
    "frame": 869,
    "p1": [
      799,
      3
    ],
    "p2": [
      607,
      368
    ]
  },
  {
    "frame": 870,
    "p1": [
      612,
      373
    ],
    "p2": [
      831,
      1
    ]
  },
  {
    "frame": 871,
    "p1": [
      864,
      3
    ],
    "p2": [
      615,
      380
    ]
  },
  {
    "frame": 872,
    "p1": [
      618,
      385
    ],
    "p2": [
      903,
      2
    ]
  },
  {
    "frame": 873,
    "p1": [
      933,
      14
    ],
    "p2": [
      623,
      395
    ]
  },
  {
    "frame": 874,
    "p1": [
      623,
      398
    ],
    "p2": [
      958,
      36
    ]
  },
  {
    "frame": 875,
    "p1": [
      988,
      51
    ],
    "p2": [
      632,
      406
    ]
  },
  {
    "frame": 876,
    "p1": [
      634,
      414
    ],
    "p2": [
      1013,
      74
    ]
  },
  {
    "frame": 877,
    "p1": [
      1045,
      94
    ],
    "p2": [
      638,
      421
    ]
  },
  {
    "frame": 878,
    "p1": [
      643,
      427
    ],
    "p2": [
      1072,
      123
    ]
  },
  {
    "frame": 879,
    "p1": [
      1098,
      147
    ],
    "p2": [
      644,
      436
    ]
  },
  {
    "frame": 880,
    "p1": [
      645,
      439
    ],
    "p2": [
      1126,
      175
    ]
  },
  {
    "frame": 881,
    "p1": [
      1146,
      206
    ],
    "p2": [
      650,
      450
    ]
  },
  {
    "frame": 882,
    "p1": [
      653,
      453
    ],
    "p2": [
      1167,
      234
    ]
  },
  {
    "frame": 883,
    "p1": [
      1189,
      263
    ],
    "p2": [
      654,
      462
    ]
  },
  {
    "frame": 884,
    "p1": [
      650,
      465
    ],
    "p2": [
      1203,
      282
    ]
  },
  {
    "frame": 885,
    "p1": [
      1210,
      299
    ],
    "p2": [
      652,
      468
    ]
  },
  {
    "frame": 886,
    "p1": [
      653,
      478
    ],
    "p2": [
      1217,
      313
    ]
  },
  {
    "frame": 887,
    "p1": [
      1223,
      321
    ],
    "p2": [
      651,
      479
    ]
  },
  {
    "frame": 888,
    "p1": [
      653,
      481
    ],
    "p2": [
      1227,
      324
    ]
  },
  {
    "frame": 889,
    "p1": [
      1224,
      322
    ],
    "p2": [
      651,
      482
    ]
  },
  {
    "frame": 890,
    "p1": [
      651,
      481
    ],
    "p2": [
      1215,
      317
    ]
  },
  {
    "frame": 891,
    "p1": [
      1207,
      307
    ],
    "p2": [
      645,
      474
    ]
  },
  {
    "frame": 892,
    "p1": [
      644,
      469
    ],
    "p2": [
      1199,
      290
    ]
  },
  {
    "frame": 893,
    "p1": [
      1184,
      265
    ],
    "p2": [
      639,
      468
    ]
  },
  {
    "frame": 894,
    "p1": [
      643,
      457
    ],
    "p2": [
      1175,
      242
    ]
  },
  {
    "frame": 895,
    "p1": [
      1154,
      210
    ],
    "p2": [
      641,
      450
    ]
  },
  {
    "frame": 896,
    "p1": [
      639,
      441
    ],
    "p2": [
      1136,
      173
    ]
  },
  {
    "frame": 897,
    "p1": [
      1114,
      133
    ],
    "p2": [
      643,
      429
    ]
  },
  {
    "frame": 898,
    "p1": [
      632,
      418
    ],
    "p2": [
      1089,
      84
    ]
  },
  {
    "frame": 899,
    "p1": [
      1054,
      38
    ],
    "p2": [
      633,
      403
    ]
  },
  {
    "frame": 900,
    "p1": [
      625,
      398
    ],
    "p2": [
      1031,
      7
    ]
  },
  {
    "frame": 901,
    "p1": [
      977,
      1
    ],
    "p2": [
      625,
      388
    ]
  },
  {
    "frame": 902,
    "p1": [
      614,
      380
    ],
    "p2": [
      903,
      3
    ]
  },
  {
    "frame": 903,
    "p1": [
      846,
      3
    ],
    "p2": [
      613,
      371
    ]
  },
  {
    "frame": 904,
    "p1": [
      607,
      364
    ],
    "p2": [
      796,
      0
    ]
  },
  {
    "frame": 905,
    "p1": [
      756,
      1
    ],
    "p2": [
      600,
      357
    ]
  },
  {
    "frame": 906,
    "p1": [
      591,
      350
    ],
    "p2": [
      713,
      0
    ]
  },
  {
    "frame": 907,
    "p1": [
      682,
      3
    ],
    "p2": [
      591,
      345
    ]
  },
  {
    "frame": 908,
    "p1": [
      585,
      339
    ],
    "p2": [
      659,
      0
    ]
  },
  {
    "frame": 909,
    "p1": [
      640,
      2
    ],
    "p2": [
      586,
      333
    ]
  },
  {
    "frame": 910,
    "p1": [
      582,
      328
    ],
    "p2": [
      618,
      6
    ]
  },
  {
    "frame": 911,
    "p1": [
      612,
      3
    ],
    "p2": [
      582,
      332
    ]
  },
  {
    "frame": 912,
    "p1": [
      579,
      328
    ],
    "p2": [
      605,
      0
    ]
  },
  {
    "frame": 913,
    "p1": [
      600,
      3
    ],
    "p2": [
      581,
      332
    ]
  },
  {
    "frame": 914,
    "p1": [
      581,
      328
    ],
    "p2": [
      606,
      1
    ]
  },
  {
    "frame": 915,
    "p1": [
      618,
      2
    ],
    "p2": [
      584,
      331
    ]
  },
  {
    "frame": 916,
    "p1": [
      587,
      333
    ],
    "p2": [
      632,
      2
    ]
  },
  {
    "frame": 917,
    "p1": [
      659,
      4
    ],
    "p2": [
      594,
      333
    ]
  },
  {
    "frame": 918,
    "p1": [
      603,
      333
    ],
    "p2": [
      691,
      2
    ]
  },
  {
    "frame": 919,
    "p1": [
      735,
      1
    ],
    "p2": [
      606,
      339
    ]
  },
  {
    "frame": 920,
    "p1": [
      611,
      344
    ],
    "p2": [
      779,
      0
    ]
  },
  {
    "frame": 921,
    "p1": [
      824,
      2
    ],
    "p2": [
      613,
      356
    ]
  },
  {
    "frame": 922,
    "p1": [
      619,
      359
    ],
    "p2": [
      878,
      2
    ]
  }
]